# golden absl::uniform_int_distribution<int>(0,k-1) draws
# generator: default-constructed std::mt19937_64 (seed 5489)
# abseil: 20240722.0   compiler: gcc 13.3.0
# columns: k index j nraw raw0 [raw1 ...]
# mt19937_64(5489) first word: 14514284786278117030
2 0 0 1 14514284786278117030
2 1 0 1 4620546740167642908
2 2 0 1 13109570281517897720
2 3 0 1 17462938647148434322
2 4 0 1 355488278567739596
2 5 0 1 7469126240319926998
2 6 1 1 4635995468481642529
2 7 0 1 418970542659199878
2 8 0 1 9604170989252516556
2 9 0 1 6358044926049913402
2 10 1 1 5058016125798318033
2 11 1 1 10349215569089701407
2 12 0 1 2583272014892537200
2 13 1 1 10032373690199166667
2 14 0 1 9627645531742285868
2 15 0 1 15810285301089087632
2 16 0 1 9219209713614924562
2 17 1 1 7736011505917826031
2 18 1 1 13729552270962724157
2 19 1 1 4596340717661012313
2 20 0 1 4413874586873285858
2 21 0 1 5904155143473820934
2 22 1 1 16795776195466785825
2 23 0 1 3040631852046752166
2 24 1 1 4529279813148173111
2 25 1 1 3658352497551999605
2 26 0 1 13205889818278417278
2 27 0 1 17853215078830450730
2 28 0 1 14193508720503142180
2 29 1 1 1488787817663097441
2 30 0 1 8484116316263611556
2 31 0 1 4745643133208116498
2 32 1 1 14333959900198994173
2 33 0 1 10770733876927207790
2 34 0 1 17529942701849009476
2 35 1 1 8081518017574486547
2 36 0 1 5945178879512507902
2 37 0 1 9821139136195250096
2 38 0 1 4728986788662773602
2 39 0 1 840062144447779464
2 40 0 1 9315169977352719788
2 41 0 1 12843335216705846126
2 42 0 1 1682692516156909696
2 43 0 1 16733405176195045732
2 44 0 1 570275675392078508
2 45 0 1 2804578118555336986
2 46 0 1 18105853946332827420
2 47 1 1 11444576169427052165
2 48 1 1 5511269538150904327
2 49 1 1 6665263661402689669
2 50 1 1 8872308438533970361
2 51 1 1 5494304472256329401
2 52 0 1 5260777597240341458
2 53 0 1 17048363385688465216
2 54 0 1 11601203342555724204
2 55 0 1 13927871433293278342
2 56 1 1 13168989862813642697
2 57 0 1 13332527631701716084
2 58 1 1 1288265801825883165
2 59 1 1 8980511589347843149
2 60 0 1 1639193574298669424
2 61 1 1 14012553476551396225
2 62 1 1 7818048564976445173
2 63 0 1 11012385938523194722
2 64 1 1 1594098091654903511
2 65 1 1 5035242355473277827
2 66 0 1 11507220397369885600
2 67 1 1 4097669440061230013
2 68 1 1 4158775797243890311
2 69 0 1 8008476757622511610
2 70 1 1 18212599999684195413
2 71 1 1 3892070972454396029
2 72 1 1 15739033291548026583
2 73 1 1 5240984520368774617
2 74 0 1 15428220128146522508
2 75 1 1 6764778500174078837
2 76 1 1 17250425930626079997
2 77 1 1 15862445320841941901
2 78 0 1 9055707723866709616
2 79 1 1 407278260229756649
2 80 0 1 6679883267401891436
2 81 0 1 13585010976506536654
2 82 0 1 9580697194899010248
2 83 0 1 7802093638911637786
2 84 1 1 535562807229422763
2 85 0 1 16772549087470588412
2 86 0 1 2069348082463192648
2 87 1 1 18080878539236249869
2 88 1 1 12688200000096479737
2 89 1 1 8989665349769173357
2 90 0 1 13575112928849473200
2 91 0 1 10859033464356012248
2 92 1 1 9748216112997718693
2 93 1 1 8405158063935141693
2 94 1 1 15279502632583570477
2 95 0 1 16055899490125284200
2 96 0 1 9066388900883848980
2 97 1 1 17884680971936629565
2 98 1 1 16395391805201036549
2 99 0 1 2550532686790805254
2 100 0 1 8052938288948613298
2 101 1 1 6344035301348514175
2 102 1 1 2193824757648316037
2 103 1 1 10113332896580941759
2 104 0 1 14001553499759966766
2 105 0 1 597702890888347204
2 106 0 1 1874324574384293454
2 107 0 1 10826913572691111562
2 108 1 1 12821185545071087721
2 109 1 1 14606566723149387105
2 110 1 1 15679487422249894303
2 111 0 1 16146086267469614290
2 112 0 1 11169330698794304272
2 113 1 1 17590151747242102595
2 114 0 1 18278229723818623796
2 115 1 1 15994633360516603469
2 116 1 1 11881756471423721131
2 117 1 1 11153906733009525059
2 118 1 1 16836145075420168747
2 119 1 1 8614597919830747987
2 120 0 1 1459907787369619658
2 121 0 1 16682004712721580156
2 122 1 1 15261848763679157527
2 123 1 1 2717413695111288049
2 124 1 1 14889665525641206303
2 125 0 1 12338480473037317818
2 126 0 1 2557597240994564872
2 127 1 1 12402353581130313583
2 128 0 1 15355546302939095474
2 129 0 1 17651033590338072704
2 130 1 1 11616809212196625943
2 131 0 1 6561978461173088746
2 132 0 1 5962436378610109024
2 133 0 1 1168012300494473422
2 134 1 1 5175053317267933097
2 135 1 1 4740525681678845797
2 136 0 1 1614376253554691208
2 137 0 1 1358027693590031708
2 138 0 1 1856992378370522222
2 139 1 1 2410813678132517023
2 140 1 1 11582456654366157909
2 141 1 1 5754940895753314317
2 142 1 1 17548218371729667895
2 143 0 1 17945642044770404276
2 144 0 1 3721164045489467070
2 145 1 1 13394551493150992827
2 146 1 1 12475264300415171883
2 147 0 1 10462606688633056562
2 148 1 1 13251365510693735175
2 149 0 1 3876338822302790600
2 150 0 1 13771801863059799470
2 151 1 1 13815564444636394855
2 152 0 1 16495110748802246170
2 153 1 1 2156091871580385249
2 154 0 1 12069080176326280986
2 155 0 1 489805578737239572
2 156 0 1 5271183164515543116
2 157 1 1 11286401144444756863
2 158 0 1 6746000579485080744
2 159 1 1 5186625150343537151
2 160 1 1 13119883039086991857
2 161 0 1 16025170396082521338
2 162 1 1 2259331576759215945
2 163 1 1 16362343102415556603
2 164 1 1 10982898132796723193
2 165 1 1 14666888772828547003
2 166 0 1 10462483830193419334
2 167 1 1 18236154274104239589
2 168 0 1 17759599582309981676
2 169 0 1 9339512652453242670
2 170 1 1 14635458573977612405
2 171 0 1 13273192362623128494
2 172 1 1 7419053614262815071
2 173 0 1 2139880725825605974
2 174 0 1 15336265650071823816
2 175 1 1 6291952205449675957
2 176 0 1 14977329074317573394
2 177 1 1 4364768269648744391
2 178 1 1 17232241565077788317
2 179 0 1 8450549923677533764
2 180 1 1 15732483035355013039
2 181 1 1 13831185231495622915
2 182 0 1 6819123640184841760
2 183 1 1 11886944798543888851
2 184 0 1 10879889186777890996
2 185 1 1 15555433551230813341
2 186 1 1 105259452319848079
2 187 0 1 3441909642659419332
2 188 1 1 5480947869602487239
2 189 0 1 6247709904124292706
2 190 1 1 13391610271247915041
2 191 1 1 18346462037123761313
2 192 1 1 16636317150577797347
2 193 0 1 14149179703416851896
2 194 1 1 2376171948756359367
2 195 0 1 5152472389910152792
2 196 1 1 2368047066677070121
2 197 0 1 16396163399604156946
2 198 1 1 14864288050288048653
2 199 0 1 7393398358587456124
2 200 1 1 9728143941576351989
2 201 1 1 5481913815176021747
2 202 1 1 16927964714362701213
2 203 0 1 14993236783745363262
2 204 1 1 9552302871570670457
2 205 1 1 11071069341174528295
2 206 1 1 15381321939083200837
2 207 0 1 8816171210895558106
2 208 0 1 6071991122052964372
2 209 1 1 10925078611503375837
2 210 1 1 15239629154712277871
2 211 0 1 8615167154188153180
2 212 1 1 4917230293625512515
2 213 0 1 14895742215835130464
2 214 1 1 2359753755290725009
2 215 1 1 6783321469015983851
2 216 1 1 360705462143558065
2 217 0 1 2287732638733919300
2 218 1 1 2984153050512747353
2 219 0 1 8021412450653308816
2 220 0 1 12759258587083258672
2 221 1 1 1585563973173997547
2 222 1 1 18209504305389149669
2 223 1 1 11416757620121532143
2 224 0 1 6846989578536141166
2 225 0 1 4365862612957164362
2 226 1 1 2931876801952518067
2 227 0 1 680191398818283694
2 228 0 1 1834352496547951770
2 229 0 1 12616538556720116808
2 230 1 1 17563613795929063197
2 231 0 1 14519515363534791688
2 232 1 1 4349527158980778739
2 233 1 1 6714794984698083967
2 234 1 1 6696141578113299617
2 235 1 1 17231874453010340947
2 236 0 1 18425812703539835928
2 237 1 1 3707544366662920973
2 238 0 1 10197276740411893574
2 239 0 1 12864434420502416888
2 240 0 1 12767250491273234520
2 241 1 1 1588549204908870909
2 242 0 1 6610295429674120152
2 243 0 1 5281895767268096036
2 244 0 1 1739897672032589486
2 245 0 1 17406469206626426854
2 246 1 1 8710378533013875691
2 247 0 1 9587926405039941516
2 248 0 1 2805299725371867574
2 249 1 1 7146901261023555807
2 250 1 1 1825062423171923931
2 251 1 1 3049052876249887095
2 252 1 1 10771741767689142181
2 253 1 1 8733642741329011601
2 254 1 1 11979515434717210935
2 255 1 1 10043245691272652957
2 256 1 1 5830279975302858953
2 257 1 1 17190113074333440499
2 258 0 1 18260575806620923460
2 259 1 1 14335648769917655401
2 260 0 1 4153816861017702156
2 261 0 1 14590500750979768984
2 262 0 1 810991542442466488
2 263 0 1 7089785717813579612
2 264 1 1 12357837562747114001
2 265 0 1 5554121432788679660
2 266 0 1 5931025703748246718
2 267 1 1 2097835176693352889
2 268 1 1 12745618408404359587
2 269 0 1 6090924568528767236
2 270 0 1 14734637834598564704
2 271 1 1 14439652293742648615
2 272 1 1 132405348116615733
2 273 1 1 13869945305505934743
2 274 0 1 7372953811704808036
2 275 1 1 7756437368369298361
2 276 1 1 3794582695199039623
2 277 0 1 12917619229835701974
2 278 1 1 14320084076906478671
2 279 0 1 2606626751703588462
2 280 0 1 3137561743724131360
2 281 0 1 13808802441028589896
2 282 0 1 14231944027275971054
2 283 0 1 16852581317945783254
2 284 0 1 10323673491841952054
2 285 0 1 2313335010769237820
2 286 0 1 13955532667350441768
2 287 0 1 5747153089934705338
2 288 1 1 13377135145695875091
2 289 1 1 6830230899286657495
2 290 1 1 81856298782858401
2 291 0 1 1754724887913860152
2 292 0 1 13750479713795882912
2 293 1 1 11120120136303124367
2 294 1 1 15046307382468953177
2 295 0 1 3696979254055818020
2 296 0 1 15352898388246644384
2 297 0 1 1024778962410818770
2 298 1 1 2388728043318081123
2 299 0 1 6871857727931721608
2 300 1 1 17721619206096294273
2 301 1 1 10585202864517959301
2 302 0 1 10898249199547365704
2 303 1 1 9663430180652362739
2 304 0 1 1737102419936989910
2 305 0 1 5117227310201589790
2 306 0 1 16884367896390523102
2 307 1 1 10498150099412419335
2 308 0 1 1921007855220546564
2 309 0 1 7643484074408755248
2 310 1 1 11318429053286342939
2 311 0 1 1370093900783164344
2 312 1 1 6776537281339823025
2 313 1 1 3450492372588984223
2 314 1 1 9401014545757436331
2 315 1 1 7896519943553875907
2 316 0 1 14303443932332314010
2 317 1 1 281238069833157985
2 318 1 1 9628364435514671685
2 319 1 1 1035647896705322917
2 320 0 1 940113500519447970
2 321 1 1 12858978713386075837
2 322 1 1 2103046007104782505
2 323 1 1 1170332608028903179
2 324 1 1 6569179731999105361
2 325 0 1 9795365446060253382
2 326 0 1 3663276878692063340
2 327 1 1 11746321300354091749
2 328 0 1 5408361990473950532
2 329 0 1 9735653452670998906
2 330 1 1 4324195634733601175
2 331 0 1 9037136744494003310
2 332 1 1 10715330324656609711
2 333 0 1 3474343689175121886
2 334 0 1 5794004792094061662
2 335 0 1 13295581273946061060
2 336 1 1 7292949743142825837
2 337 1 1 10886028626057941279
2 338 0 1 10688849249577735178
2 339 1 1 17297010345160851373
2 340 1 1 13658139148821214513
2 341 1 1 4468290234101910565
2 342 0 1 9583516840381960864
2 343 1 1 2100818272677130469
2 344 0 1 3835407486618772476
2 345 1 1 11687972045781987867
2 346 0 1 2584265809482868424
2 347 1 1 2184370854727222683
2 348 1 1 17762352308671769689
2 349 1 1 10901114407297935135
2 350 1 1 17932666452350314317
2 351 1 1 14800534017102555607
2 352 0 1 16233839909626358812
2 353 0 1 1704089397092793640
2 354 0 1 2891239861334407450
2 355 0 1 18077585692287687954
2 356 0 1 2363047449739120434
2 357 0 1 5904357530901606076
2 358 1 1 16765772907460692007
2 359 0 1 8757786729323486734
2 360 1 1 3706883612695347371
2 361 0 1 14958907430930711064
2 362 0 1 9624134580897548276
2 363 1 1 10298009507777483067
2 364 0 1 5667412839234900228
2 365 1 1 6828701555684071915
2 366 1 1 10482797977665945217
2 367 0 1 13440894740881464138
2 368 1 1 12078258924098889769
2 369 1 1 5740761565098658841
2 370 0 1 13914375003115830180
2 371 0 1 16808960379045776034
2 372 1 1 18421450170384511575
2 373 1 1 16478974619417516521
2 374 0 1 14381565232287562804
2 375 1 1 12792472782420522791
2 376 1 1 6620422687983566193
2 377 1 1 12025299949416885293
2 378 1 1 6046334025019123
2 379 0 1 16769051888439418536
2 380 1 1 10312203372653850423
2 381 1 1 720028297035890629
2 382 1 1 6441255456466558203
2 383 1 1 9874005816230679263
2 384 0 1 15903170012916142038
2 385 1 1 7557768652767625223
2 386 1 1 17626605079857371651
2 387 1 1 9092603716684679963
2 388 0 1 15518831173015579794
2 389 0 1 300798272301981904
2 390 1 1 13762040857722893585
2 391 0 1 3117104080838901168
2 392 1 1 4702649037537941245
2 393 0 1 14408238429167682374
2 394 0 1 17923200330177894118
2 395 1 1 7470538549881440849
2 396 0 1 3664543122474851710
2 397 1 1 17626200978883719521
2 398 1 1 15355649603762884691
2 399 0 1 4749231114166154448
2 400 0 1 11220859020615935192
2 401 1 1 4740127963151294603
2 402 0 1 16616708905207951068
2 403 0 1 9828299274924872726
2 404 0 1 8985762004928355786
2 405 1 1 14578866413196595465
2 406 1 1 11009044264074492189
2 407 1 1 16196760954725621137
2 408 0 1 10725252972011913420
2 409 1 1 4601011175737567235
2 410 1 1 1441938685024169613
2 411 0 1 1896485105672535586
2 412 0 1 6635496128279078494
2 413 0 1 7401072902622950072
2 414 1 1 16075245295895555285
2 415 1 1 11009539992705810569
2 416 1 1 13666961049432909413
2 417 0 1 930044899627839572
2 418 1 1 7899294831116079515
2 419 1 1 7830402010660588539
2 420 1 1 5485720725031791061
2 421 1 1 17051528642209786987
2 422 0 1 7280223907880312904
2 423 0 1 10641556535303807158
2 424 0 1 12639056541805784436
2 425 0 1 12321318600465693220
2 426 1 1 10108223508416203621
2 427 0 1 16243972184205577210
2 428 0 1 8544062083712081766
2 429 1 1 11274622334580836223
2 430 1 1 10844017387984539333
2 431 0 1 14774228730866078526
2 432 1 1 560237794062265107
2 433 1 1 5844494700804214355
2 434 1 1 12270220729021534083
2 435 1 1 8560016492134621125
2 436 0 1 12198417933760222474
2 437 1 1 10133839346494565561
2 438 0 1 9295901871619786454
2 439 1 1 10849442312533122519
2 440 1 1 18021432643418872607
2 441 1 1 10155396024449547909
2 442 0 1 10524212640889309144
2 443 0 1 16662796689072019468
2 444 1 1 965963318619140447
2 445 0 1 8887484786999567242
2 446 1 1 15714444653107301219
2 447 1 1 1678356452623540647
2 448 0 1 11052117692502964420
2 449 1 1 14549914962216724919
2 450 1 1 2062106447906584711
2 451 1 1 9160372737526136799
2 452 1 1 408961132483689555
2 453 1 1 16057982805180036489
2 454 1 1 3569128826873655261
2 455 0 1 9330490631980133992
2 456 1 1 1176328083272936519
2 457 0 1 11222898184704497134
2 458 1 1 9302091588024171405
2 459 0 1 10671057562378043302
2 460 0 1 4098229850247478874
2 461 1 1 8603114141751656125
2 462 1 1 5095034292565071557
2 463 1 1 17972196540767155575
2 464 0 1 17052421619317624598
2 465 0 1 1582078615100434096
2 466 0 1 12012345949788712038
2 467 0 1 16161371278263065802
2 468 0 1 2541771182459136706
2 469 1 1 4555228648728151989
2 470 1 1 8434259952664443907
2 471 1 1 11417314755930316675
2 472 0 1 4859944209493970278
2 473 0 1 3960064386733120970
2 474 0 1 831798891742765072
2 475 1 1 15333350611999607709
2 476 1 1 16195235791627584805
2 477 0 1 11597945977924582290
2 478 0 1 5623573319924035254
2 479 0 1 11517834322140013944
2 480 0 1 4133597640080778846
2 481 1 1 5871425684860123605
2 482 0 1 1689282515842046354
2 483 1 1 12636468992840026995
2 484 1 1 14838814546330146559
2 485 1 1 521771145052581487
2 486 0 1 2880434048302248640
2 487 1 1 8371131723257691693
2 488 0 1 14881811984607317690
2 489 1 1 1324986559026356337
2 490 1 1 15096177686518116013
2 491 1 1 4421234407032663127
2 492 0 1 14405416956529710514
2 493 0 1 3720189381923668652
2 494 0 1 409223713688462738
2 495 1 1 9606291214917499037
2 496 1 1 9223836018030016969
2 497 0 1 190459553092726002
2 498 1 1 12216883190512504355
2 499 0 1 2445407445757699168
2 500 1 1 4632853494959579227
2 501 0 1 13184809158706083946
2 502 1 1 5787237245171889527
2 503 1 1 10294885203231741175
2 504 1 1 4191072920233802133
2 505 1 1 4291939441266046279
2 506 1 1 16375865614446560083
2 507 1 1 8623994097296487259
2 508 0 1 15309273767847758202
2 509 1 1 9397335507036899909
2 510 0 1 6747046333776906674
2 511 0 1 13832845734789247298
2 512 0 1 7019441607318179720
2 513 0 1 10005910351872177492
2 514 0 1 4145022192145704170
2 515 0 1 4353043221960833896
2 516 1 1 8973895156742077167
2 517 1 1 438950987149754489
2 518 1 1 2185272607213603213
2 519 0 1 8466605802960622962
2 520 0 1 12110999198806592422
2 521 0 1 11821045514824268224
2 522 0 1 10878266882585355136
2 523 1 1 11760743717116988087
2 524 0 1 4184976790109698342
2 525 0 1 18330309416210613006
2 526 1 1 1107206443001387417
2 527 0 1 79384941109554222
2 528 0 1 9163366224008952362
2 529 0 1 3321824684344751056
2 530 0 1 3693723307432954164
2 531 0 1 6079394558849393056
2 532 1 1 11401125038466760935
2 533 0 1 3656219353656357222
2 534 1 1 1735342045865967049
2 535 0 1 4042759343240967690
2 536 1 1 12711975181279962687
2 537 0 1 9500297538285176400
2 538 0 1 15298274009373410204
2 539 0 1 9806309365986113958
2 540 1 1 10640867530898511005
2 541 0 1 17462737140104853956
2 542 1 1 4414872795937286161
2 543 1 1 14852747253248972903
2 544 1 1 15278706409822090441
2 545 1 1 6433625831299907179
2 546 1 1 3321907667985685429
2 547 0 1 11390693584827212740
2 548 0 1 11529629266037992234
2 549 1 1 10328859824139248147
2 550 1 1 16428469301035734767
2 551 1 1 17926643922068445985
2 552 0 1 705326063324784242
2 553 0 1 8105287564212541268
2 554 1 1 15433828269766668455
2 555 1 1 3714790519415313767
2 556 1 1 5417718938962187987
2 557 0 1 7847045502609209896
2 558 1 1 8025090526912661197
2 559 1 1 2234136672994823541
2 560 1 1 16041001438425499955
2 561 0 1 10050820915370092068
2 562 0 1 14731208739754682952
2 563 1 1 9320476318639351023
2 564 0 1 14993011533295358880
2 565 1 1 4179632880986595543
2 566 0 1 8947621078428360390
2 567 1 1 14715184767037401701
2 568 1 1 2617407252848328649
2 569 1 1 4818108510694228841
2 570 0 1 3602814087839803186
2 571 1 1 14679368779377024657
2 572 0 1 7354547195052671772
2 573 0 1 453184876960970470
2 574 0 1 15781004944602184656
2 575 1 1 12000277437894508493
2 576 0 1 14990587330205222466
2 577 0 1 13913588124149397652
2 578 1 1 14252160166631667289
2 579 1 1 1532590395334038243
2 580 0 1 10283229111568663870
2 581 0 1 17325140074534683390
2 582 0 1 15829693190940193580
2 583 0 1 7621681592523599724
2 584 0 1 10682206684717316020
2 585 0 1 1847393779801417006
2 586 0 1 3066262069769536156
2 587 1 1 14633662576956154615
2 588 1 1 15324290530255177253
2 589 0 1 14627271171597064522
2 590 0 1 14334883061544405592
2 591 0 1 12329324284039697670
2 592 1 1 14425669906700626239
2 593 0 1 4967072546582904838
2 594 1 1 11336784484312139551
2 595 0 1 9293117687355182150
2 596 1 1 18198595579111618687
2 597 1 1 3236555730692485133
2 598 0 1 3659681352365625914
2 599 0 1 5185822088933195476
2 600 1 1 1820961806679957133
2 601 0 1 5103404090674191862
2 602 0 1 16176358349875499548
2 603 1 1 15699479324816269479
2 604 0 1 6929077312607579230
2 605 0 1 7724671543660786314
2 606 1 1 15226863704421704735
2 607 0 1 10411799650043017788
2 608 0 1 2743533500235068318
2 609 0 1 7917895244279791454
2 610 1 1 9194839772540541837
2 611 0 1 8170679394364395846
2 612 0 1 2830213237197365734
2 613 0 1 7353896603754987224
2 614 1 1 17634372441601249827
2 615 1 1 8515117661105161813
2 616 0 1 5818937363197514778
2 617 1 1 8536843065945835629
2 618 1 1 2920190566549352463
2 619 0 1 4206179361653770600
2 620 0 1 15470355568872211976
2 621 1 1 8427825008315838911
2 622 0 1 5786540713287383830
2 623 1 1 15547153445796060183
2 624 1 1 12329720415526259303
2 625 1 1 5557519966701086911
2 626 0 1 17778904544770937806
2 627 1 1 17514165232876376499
2 628 0 1 17788126989478779154
2 629 1 1 17150186057659184837
2 630 1 1 96482940290395907
2 631 1 1 5391763100021787727
2 632 0 1 13311921842198397018
2 633 0 1 212666859219880844
2 634 0 1 17021563369181645958
2 635 1 1 11336487866339302675
2 636 0 1 9141466969851850320
2 637 1 1 15662548514627491449
2 638 0 1 7860565965198889264
2 639 1 1 13899151565605256321
2 640 0 1 13381351357933618242
2 641 0 1 14888589325358078776
2 642 0 1 8892463471491396086
2 643 1 1 15103645417329254911
2 644 1 1 5461076326426815327
2 645 1 1 1842242118931503497
2 646 1 1 4404875173572687401
2 647 0 1 13971514988681285540
2 648 0 1 17325818256926300242
2 649 1 1 15093194250549176553
2 650 0 1 2037055123708268678
2 651 0 1 16257942776085749532
2 652 0 1 10590700494563920368
2 653 1 1 9510359897405254265
2 654 0 1 14355127120473277462
2 655 0 1 17727696335014918206
2 656 1 1 5852409884542362577
2 657 1 1 15296449745630772621
2 658 0 1 15183080793648581194
2 659 0 1 16672300287494724460
2 660 1 1 13969062191570534211
2 661 0 1 9287911224447475220
2 662 0 1 8201339388669403090
2 663 0 1 6896471492123786378
2 664 0 1 17836899414146968932
2 665 0 1 18212192901661339968
2 666 0 1 13589433629948059304
2 667 1 1 11028761701391980161
2 668 0 1 6774257768766057466
2 669 0 1 12173254712476586450
2 670 1 1 12848080044100037611
2 671 0 1 8528727180962924144
2 672 1 1 1419515180397454273
2 673 1 1 14756964613420120449
2 674 0 1 5897971337265509756
2 675 1 1 7895151636400005603
2 676 0 1 12470640271491881548
2 677 1 1 1601970429693801261
2 678 0 1 15095880759160767112
2 679 1 1 9199134360165595311
2 680 0 1 3011979166743445660
2 681 1 1 12194258846860258337
2 682 0 1 3655956427657893470
2 683 1 1 2336006494839215747
2 684 0 1 14852738832219225696
2 685 0 1 980198724853947166
2 686 1 1 15813714724821744703
2 687 1 1 791599627749143069
2 688 1 1 7348649629500435093
2 689 0 1 15262170387612229708
2 690 0 1 15303522042429377318
2 691 1 1 8425613881574971669
2 692 1 1 15801520478161584059
2 693 1 1 14074339996639769183
2 694 1 1 11257371430211006951
2 695 1 1 13402846107666422911
2 696 1 1 6626174270103647993
2 697 1 1 14681865631183261473
2 698 1 1 4451829808427344249
2 699 1 1 5724496674828323027
2 700 0 1 14972202730373011904
2 701 0 1 11481387700399791014
2 702 1 1 17251674197980054589
2 703 1 1 1838448127446963389
2 704 1 1 1207376433173020767
2 705 1 1 9073502573042965711
2 706 1 1 13838468943242852421
2 707 0 1 5020402172333584866
2 708 1 1 1289816897702617855
2 709 1 1 16074253538753775279
2 710 0 1 2848619861528754568
2 711 1 1 5973640488400207347
2 712 0 1 3071333206607986706
2 713 1 1 12888295794552218363
2 714 1 1 5137015169022219459
2 715 0 1 6855845130657996130
2 716 1 1 13509486497434551605
2 717 1 1 3108141178579225625
2 718 0 1 11547672040624451730
2 719 0 1 8228290404814299648
2 720 1 1 556050802577131935
2 721 1 1 1291564719606180243
2 722 1 1 12244181387410231701
2 723 1 1 278862824664555643
2 724 0 1 15819233907350967248
2 725 1 1 17068340672410761541
2 726 0 1 18086332283553587440
2 727 0 1 315661412098236862
2 728 0 1 2955724640055190386
2 729 0 1 13784171517969596718
2 730 1 1 1290092202280378555
2 731 1 1 16592960356544350813
2 732 1 1 16858716830044052167
2 733 0 1 897800245874941430
2 734 0 1 13540719245109081222
2 735 0 1 1083645675370617492
2 736 1 1 1386604666325681943
2 737 0 1 15322508077521817796
2 738 0 1 17200996622826525908
2 739 1 1 377359248448239623
2 740 1 1 903752203431456047
2 741 0 1 5917034777147383262
2 742 0 1 14427307358937396394
2 743 1 1 7312697203701764121
2 744 1 1 16205567221211754073
2 745 1 1 2397860267640591749
2 746 1 1 7771620645425797965
2 747 1 1 4628927853429026927
2 748 1 1 10814117705525372791
2 749 0 1 1781328114115837238
2 750 0 1 8047892713447387890
2 751 0 1 14325316982420673798
2 752 1 1 307254776259779147
2 753 1 1 18088484138876255865
2 754 0 1 6235903010317883578
2 755 0 1 4576014393928771646
2 756 0 1 11902339501721522128
2 757 0 1 11466077100832512450
2 758 1 1 1320279640819393445
2 759 0 1 7149459462530810516
2 760 1 1 17183597293436304345
2 761 0 1 10494281344202625434
2 762 0 1 15351591175592386700
2 763 0 1 6787100053213878886
2 764 1 1 4662750932232247137
2 765 1 1 9155970812684385713
2 766 1 1 16135661826301908461
2 767 0 1 18304055221177982100
2 768 1 1 9416630457538799891
2 769 0 1 14565714036259547408
2 770 0 1 1567015689328697302
2 771 0 1 6354592639376292074
2 772 0 1 17850376331797597416
2 773 1 1 10659961423006612289
2 774 1 1 17519724454480552469
2 775 0 1 11678126474628634190
2 776 0 1 1758403873368227086
2 777 1 1 15990654484983665543
2 778 1 1 11214965843994241271
2 779 0 1 12011525616758716968
2 780 0 1 10447121228281024024
2 781 1 1 2305551614414338365
2 782 0 1 16044382098030270132
2 783 1 1 12224093843246544395
2 784 0 1 16482020615341119088
2 785 1 1 10963267852467973529
2 786 0 1 17349096433594909876
2 787 1 1 12720620716465149679
2 788 1 1 16276416704186986927
2 789 0 1 9749492746774307320
2 790 1 1 4878537625661881849
2 791 0 1 3596658220251367324
2 792 0 1 1250366616134450842
2 793 1 1 6810591609326569041
2 794 1 1 3598393359978582179
2 795 0 1 12253949833836762468
2 796 0 1 12506534045411421786
2 797 0 1 5579778259811453914
2 798 0 1 9776215669441974360
2 799 0 1 2458400878391347086
2 800 1 1 8348402873370648617
2 801 0 1 7121289029007601878
2 802 0 1 12229263687747326448
2 803 1 1 17037102369907624029
2 804 1 1 4480768498551219639
2 805 0 1 2055333633189980498
2 806 0 1 1996380200405366126
2 807 0 1 16269828220783280610
2 808 0 1 2087527536209518012
2 809 1 1 15824764389964056849
2 810 1 1 2567742633386698867
2 811 1 1 712225451323391987
2 812 1 1 8933753793270353555
2 813 1 1 13585078573555411625
2 814 1 1 867327728114824049
2 815 0 1 7583624842930804212
2 816 0 1 3377553416701167536
2 817 0 1 16921474325853581610
2 818 0 1 16140895111948716532
2 819 0 1 12207578918983470422
2 820 0 1 1646174217514160398
2 821 0 1 1607026980068118758
2 822 0 1 13303437415396801338
2 823 1 1 12587920481280066999
2 824 1 1 13987107713225334715
2 825 0 1 4992520640352863728
2 826 0 1 7263447506959407124
2 827 1 1 5199858030989230147
2 828 1 1 9061431503722510949
2 829 0 1 14400252600937389012
2 830 0 1 5744796948459454394
2 831 0 1 10292591259771880588
2 832 0 1 1721312458226718226
2 833 1 1 16635218433302059851
2 834 0 1 11656534395951367480
2 835 1 1 3706250251522790279
2 836 1 1 13109149372599278855
2 837 1 1 15782623443980200467
2 838 0 1 16550074045325605656
2 839 1 1 8552238076040605299
2 840 0 1 9482885590978036086
2 841 0 1 9671478455262059566
2 842 1 1 10893144584594332227
2 843 1 1 16019322840413540987
2 844 0 1 8296393284743045220
2 845 1 1 17938815114635715205
2 846 1 1 6264829385778688153
2 847 0 1 1851240405679727308
2 848 1 1 8252127944258078957
2 849 0 1 278628055251899660
2 850 1 1 17284352895107447551
2 851 0 1 1917595448595108230
2 852 0 1 4194184253204412852
2 853 0 1 6053135762636289112
2 854 0 1 17829479236593827180
2 855 0 1 17138125122391290546
2 856 1 1 12701771613115087757
2 857 1 1 15851635548108017237
2 858 0 1 15429185374696762248
2 859 0 1 1092543755026054444
2 860 0 1 11339471547318422768
2 861 0 1 5928009338273096310
2 862 0 1 15799438807585898358
2 863 1 1 7759398761882215565
2 864 1 1 6631869218547533701
2 865 0 1 1467136438670102142
2 866 1 1 8634286993913126889
2 867 0 1 1625376813926906406
2 868 0 1 11217810185908857400
2 869 1 1 8625591546392093923
2 870 1 1 17296397694263603933
2 871 0 1 15605747394391364522
2 872 0 1 1662045846911902792
2 873 1 1 17127000247114321803
2 874 0 1 8356660387712428204
2 875 1 1 1918485604873496907
2 876 0 1 2370571666901420648
2 877 1 1 15787385066387380099
2 878 0 1 5464477678597110906
2 879 0 1 11425249858769946518
2 880 1 1 6591019215869863149
2 881 0 1 9479744778601152624
2 882 0 1 15172779966452753614
2 883 0 1 7752719149069356364
2 884 1 1 18415611086810130089
2 885 1 1 17283471393219112121
2 886 1 1 12355267205606811577
2 887 0 1 635145025396992592
2 888 0 1 5396237116775390812
2 889 1 1 3552831403988064335
2 890 1 1 14168163303014268947
2 891 0 1 12627213986475551446
2 892 1 1 15759311136550812405
2 893 0 1 1626935584364203400
2 894 0 1 9310496835576179512
2 895 1 1 6245520276975783671
2 896 0 1 7024663181048246622
2 897 0 1 3427477009023336836
2 898 0 1 2933969795091320036
2 899 1 1 2151226409008220811
2 900 0 1 11539738627618492576
2 901 1 1 13725329897058492021
2 902 1 1 7498965915916310645
2 903 1 1 10290852052645224423
2 904 1 1 6604848973131369881
2 905 0 1 15811231974215060058
2 906 1 1 2271887981598533043
2 907 0 1 3594314518191525754
2 908 0 1 17149519013436525742
2 909 0 1 8679304823079730570
2 910 1 1 13578822930296496311
2 911 1 1 7091768012700047649
2 912 1 1 3785057672906901675
2 913 0 1 4236181286844492290
2 914 0 1 8508302517230928544
2 915 1 1 7300358184937218339
2 916 1 1 12384908352232692669
2 917 1 1 12492744495972933877
2 918 1 1 7314891822313963191
2 919 0 1 8324938997494297354
2 920 1 1 5209197900603935779
2 921 1 1 2658432712832078185
2 922 1 1 5318876851637134397
2 923 1 1 16575705827128833203
2 924 1 1 10064850062465251207
2 925 0 1 4212292470574654048
2 926 1 1 14980416404180533629
2 927 1 1 16757608328210085737
2 928 0 1 2318174214965864870
2 929 1 1 11090483489978208173
2 930 1 1 4454423999516879015
2 931 1 1 16112997200825396525
2 932 1 1 6280448590284782941
2 933 1 1 9633346215123474089
2 934 0 1 4043276543108671776
2 935 0 1 5617487009102249240
2 936 0 1 5876783769254797390
2 937 1 1 12282204452000419979
2 938 0 1 11539547785106538148
2 939 0 1 7026195643862072596
2 940 0 1 3299214246762090106
2 941 1 1 12374300965992954143
2 942 1 1 6758847474999357295
2 943 0 1 15792537753857445948
2 944 0 1 17507047352822497538
2 945 1 1 12191874001355785115
2 946 0 1 13766936657810901564
2 947 1 1 6187579338224863221
2 948 1 1 575235837446271943
2 949 0 1 3941374392937187760
2 950 0 1 12518650711486048524
2 951 1 1 4818749123633553555
2 952 1 1 2958342177660858065
2 953 1 1 3745796037585186959
2 954 1 1 9797933292464336113
2 955 0 1 15543349084849553232
2 956 0 1 486551758244958240
2 957 1 1 10593020500469347495
2 958 1 1 6369600516659338451
2 959 0 1 9007750655643717510
2 960 1 1 17785627354791621201
2 961 1 1 14764033308265707661
2 962 0 1 18034000857235843178
2 963 0 1 16557096199299614580
2 964 0 1 2437200641143386748
2 965 0 1 10182421626449994068
2 966 0 1 75625115684404924
2 967 0 1 6127271793307871498
2 968 1 1 11214820889151820355
2 969 1 1 12416802602799347959
2 970 1 1 1548125927064443941
2 971 1 1 10690183998159090903
2 972 1 1 10911454061780779591
2 973 0 1 17091566498439379262
2 974 1 1 13151991451832194121
2 975 1 1 11968421298731076421
2 976 0 1 7281465657596491640
2 977 1 1 16882855184145485567
2 978 0 1 16502249339396824566
2 979 1 1 3454458562438881671
2 980 1 1 5912850829099334963
2 981 0 1 5330146666763391722
2 982 1 1 8451916490946969729
2 983 1 1 6215268879167456629
2 984 0 1 9983414677725534452
2 985 0 1 1533824374095340090
2 986 1 1 11273301590638124495
2 987 1 1 888171466822353933
2 988 1 1 12600073355339343855
2 989 0 1 10435556484299784260
2 990 0 1 4932808928766631330
2 991 0 1 15166592873301253506
2 992 1 1 6396823673282492139
2 993 1 1 14209064470829046875
2 994 1 1 6577114328647476307
2 995 0 1 1197590027279852334
2 996 0 1 17587678522946712038
2 997 0 1 15126029715399578860
2 998 1 1 57675930565383847
2 999 1 1 10193180073869439881
3 0 2 1 14514284786278117030
3 1 1 1 4620546740167642908
3 2 2 1 13109570281517897720
3 3 0 1 17462938647148434322
3 4 2 1 355488278567739596
3 5 0 1 7469126240319926998
3 6 2 1 4635995468481642529
3 7 0 1 418970542659199878
3 8 0 1 9604170989252516556
3 9 1 1 6358044926049913402
3 10 0 1 5058016125798318033
3 11 0 1 10349215569089701407
3 12 2 1 2583272014892537200
3 13 1 1 10032373690199166667
3 14 0 1 9627645531742285868
3 15 0 1 15810285301089087632
3 16 1 1 9219209713614924562
3 17 0 1 7736011505917826031
3 18 0 1 13729552270962724157
3 19 2 1 4596340717661012313
3 20 0 1 4413874586873285858
3 21 0 1 5904155143473820934
3 22 0 1 16795776195466785825
3 23 0 1 3040631852046752166
3 24 0 1 4529279813148173111
3 25 2 1 3658352497551999605
3 26 1 1 13205889818278417278
3 27 0 1 17853215078830450730
3 28 0 1 14193508720503142180
3 29 2 1 1488787817663097441
3 30 2 1 8484116316263611556
3 31 0 1 4745643133208116498
3 32 2 1 14333959900198994173
3 33 0 1 10770733876927207790
3 34 1 1 17529942701849009476
3 35 2 1 8081518017574486547
3 36 0 1 5945178879512507902
3 37 1 1 9821139136195250096
3 38 2 1 4728986788662773602
3 39 2 1 840062144447779464
3 40 1 1 9315169977352719788
3 41 0 1 12843335216705846126
3 42 1 1 1682692516156909696
3 43 2 1 16733405176195045732
3 44 1 1 570275675392078508
3 45 1 1 2804578118555336986
3 46 0 1 18105853946332827420
3 47 2 1 11444576169427052165
3 48 2 1 5511269538150904327
3 49 1 1 6665263661402689669
3 50 1 1 8872308438533970361
3 51 2 1 5494304472256329401
3 52 0 1 5260777597240341458
3 53 1 1 17048363385688465216
3 54 1 1 11601203342555724204
3 55 1 1 13927871433293278342
3 56 0 1 13168989862813642697
3 57 0 1 13332527631701716084
3 58 2 1 1288265801825883165
3 59 2 1 8980511589347843149
3 60 2 1 1639193574298669424
3 61 0 1 14012553476551396225
3 62 1 1 7818048564976445173
3 63 0 1 11012385938523194722
3 64 2 1 1594098091654903511
3 65 1 1 5035242355473277827
3 66 2 1 11507220397369885600
3 67 0 1 4097669440061230013
3 68 2 1 4158775797243890311
3 69 0 1 8008476757622511610
3 70 1 1 18212599999684195413
3 71 1 1 3892070972454396029
3 72 2 1 15739033291548026583
3 73 0 1 5240984520368774617
3 74 2 1 15428220128146522508
3 75 1 1 6764778500174078837
3 76 2 1 17250425930626079997
3 77 2 1 15862445320841941901
3 78 0 1 9055707723866709616
3 79 1 1 407278260229756649
3 80 2 1 6679883267401891436
3 81 2 1 13585010976506536654
3 82 1 1 9580697194899010248
3 83 2 1 7802093638911637786
3 84 0 1 535562807229422763
3 85 2 1 16772549087470588412
3 86 2 1 2069348082463192648
3 87 0 1 18080878539236249869
3 88 2 1 12688200000096479737
3 89 1 1 8989665349769173357
3 90 2 1 13575112928849473200
3 91 2 1 10859033464356012248
3 92 0 1 9748216112997718693
3 93 0 1 8405158063935141693
3 94 1 1 15279502632583570477
3 95 2 1 16055899490125284200
3 96 1 1 9066388900883848980
3 97 0 1 17884680971936629565
3 98 2 1 16395391805201036549
3 99 0 1 2550532686790805254
3 100 0 1 8052938288948613298
3 101 1 1 6344035301348514175
3 102 1 1 2193824757648316037
3 103 2 1 10113332896580941759
3 104 1 1 14001553499759966766
3 105 2 1 597702890888347204
3 106 0 1 1874324574384293454
3 107 2 1 10826913572691111562
3 108 2 1 12821185545071087721
3 109 2 1 14606566723149387105
3 110 2 1 15679487422249894303
3 111 0 1 16146086267469614290
3 112 2 1 11169330698794304272
3 113 0 1 17590151747242102595
3 114 1 1 18278229723818623796
3 115 1 1 15994633360516603469
3 116 2 1 11881756471423721131
3 117 2 1 11153906733009525059
3 118 1 1 16836145075420168747
3 119 1 1 8614597919830747987
3 120 2 1 1459907787369619658
3 121 2 1 16682004712721580156
3 122 2 1 15261848763679157527
3 123 2 1 2717413695111288049
3 124 0 1 14889665525641206303
3 125 0 1 12338480473037317818
3 126 2 1 2557597240994564872
3 127 0 1 12402353581130313583
3 128 1 1 15355546302939095474
3 129 2 1 17651033590338072704
3 130 0 1 11616809212196625943
3 131 2 1 6561978461173088746
3 132 2 1 5962436378610109024
3 133 2 1 1168012300494473422
3 134 2 1 5175053317267933097
3 135 2 1 4740525681678845797
3 136 0 1 1614376253554691208
3 137 2 1 1358027693590031708
3 138 2 1 1856992378370522222
3 139 1 1 2410813678132517023
3 140 2 1 11582456654366157909
3 141 2 1 5754940895753314317
3 142 1 1 17548218371729667895
3 143 0 1 17945642044770404276
3 144 2 1 3721164045489467070
3 145 1 1 13394551493150992827
3 146 2 1 12475264300415171883
3 147 1 1 10462606688633056562
3 148 0 1 13251365510693735175
3 149 0 1 3876338822302790600
3 150 0 1 13771801863059799470
3 151 0 1 13815564444636394855
3 152 2 1 16495110748802246170
3 153 0 1 2156091871580385249
3 154 2 1 12069080176326280986
3 155 0 1 489805578737239572
3 156 0 1 5271183164515543116
3 157 2 1 11286401144444756863
3 158 0 1 6746000579485080744
3 159 0 1 5186625150343537151
3 160 1 1 13119883039086991857
3 161 2 1 16025170396082521338
3 162 0 1 2259331576759215945
3 163 0 1 16362343102415556603
3 164 1 1 10982898132796723193
3 165 1 1 14666888772828547003
3 166 1 1 10462483830193419334
3 167 1 1 18236154274104239589
3 168 2 1 17759599582309981676
3 169 0 1 9339512652453242670
3 170 2 1 14635458573977612405
3 171 0 1 13273192362623128494
3 172 0 1 7419053614262815071
3 173 2 1 2139880725825605974
3 174 1 1 15336265650071823816
3 175 2 1 6291952205449675957
3 176 1 1 14977329074317573394
3 177 1 1 4364768269648744391
3 178 0 1 17232241565077788317
3 179 2 1 8450549923677533764
3 180 1 1 15732483035355013039
3 181 2 1 13831185231495622915
3 182 0 1 6819123640184841760
3 183 1 1 11886944798543888851
3 184 0 1 10879889186777890996
3 185 0 1 15555433551230813341
3 186 0 1 105259452319848079
3 187 1 1 3441909642659419332
3 188 0 1 5480947869602487239
3 189 1 1 6247709904124292706
3 190 0 1 13391610271247915041
3 191 2 1 18346462037123761313
3 192 0 1 16636317150577797347
3 193 1 1 14149179703416851896
3 194 0 1 2376171948756359367
3 195 2 1 5152472389910152792
3 196 2 1 2368047066677070121
3 197 2 1 16396163399604156946
3 198 0 1 14864288050288048653
3 199 1 1 7393398358587456124
3 200 1 1 9728143941576351989
3 201 0 1 5481913815176021747
3 202 0 1 16927964714362701213
3 203 2 1 14993236783745363262
3 204 2 1 9552302871570670457
3 205 1 1 11071069341174528295
3 206 0 1 15381321939083200837
3 207 1 1 8816171210895558106
3 208 0 1 6071991122052964372
3 209 0 1 10925078611503375837
3 210 0 1 15239629154712277871
3 211 2 1 8615167154188153180
3 212 0 1 4917230293625512515
3 213 2 1 14895742215835130464
3 214 2 1 2359753755290725009
3 215 2 1 6783321469015983851
3 216 2 1 360705462143558065
3 217 2 1 2287732638733919300
3 218 1 1 2984153050512747353
3 219 2 1 8021412450653308816
3 220 1 1 12759258587083258672
3 221 1 1 1585563973173997547
3 222 0 1 18209504305389149669
3 223 0 1 11416757620121532143
3 224 1 1 6846989578536141166
3 225 0 1 4365862612957164362
3 226 2 1 2931876801952518067
3 227 0 1 680191398818283694
3 228 1 1 1834352496547951770
3 229 2 1 12616538556720116808
3 230 2 1 17563613795929063197
3 231 1 1 14519515363534791688
3 232 0 1 4349527158980778739
3 233 0 1 6714794984698083967
3 234 1 1 6696141578113299617
3 235 0 1 17231874453010340947
3 236 1 1 18425812703539835928
3 237 0 1 3707544366662920973
3 238 2 1 10197276740411893574
3 239 1 1 12864434420502416888
3 240 1 1 12767250491273234520
3 241 2 1 1588549204908870909
3 242 1 1 6610295429674120152
3 243 0 1 5281895767268096036
3 244 2 1 1739897672032589486
3 245 0 1 17406469206626426854
3 246 0 1 8710378533013875691
3 247 0 1 9587926405039941516
3 248 2 1 2805299725371867574
3 249 2 1 7146901261023555807
3 250 2 1 1825062423171923931
3 251 2 1 3049052876249887095
3 252 0 1 10771741767689142181
3 253 2 1 8733642741329011601
3 254 0 1 11979515434717210935
3 255 2 1 10043245691272652957
3 256 0 1 5830279975302858953
3 257 1 1 17190113074333440499
3 258 1 1 18260575806620923460
3 259 0 1 14335648769917655401
3 260 1 1 4153816861017702156
3 261 0 1 14590500750979768984
3 262 2 1 810991542442466488
3 263 0 1 7089785717813579612
3 264 2 1 12357837562747114001
3 265 0 1 5554121432788679660
3 266 0 1 5931025703748246718
3 267 1 1 2097835176693352889
3 268 2 1 12745618408404359587
3 269 2 1 6090924568528767236
3 270 0 1 14734637834598564704
3 271 2 1 14439652293742648615
3 272 1 1 132405348116615733
3 273 2 1 13869945305505934743
3 274 1 1 7372953811704808036
3 275 2 1 7756437368369298361
3 276 0 1 3794582695199039623
3 277 2 1 12917619229835701974
3 278 2 1 14320084076906478671
3 279 1 1 2606626751703588462
3 280 0 1 3137561743724131360
3 281 1 1 13808802441028589896
3 282 0 1 14231944027275971054
3 283 1 1 16852581317945783254
3 284 2 1 10323673491841952054
3 285 1 1 2313335010769237820
3 286 1 1 13955532667350441768
3 287 0 1 5747153089934705338
3 288 0 1 13377135145695875091
3 289 1 1 6830230899286657495
3 290 2 1 81856298782858401
3 291 0 1 1754724887913860152
3 292 0 1 13750479713795882912
3 293 2 1 11120120136303124367
3 294 1 1 15046307382468953177
3 295 0 1 3696979254055818020
3 296 2 1 15352898388246644384
3 297 1 1 1024778962410818770
3 298 2 1 2388728043318081123
3 299 2 1 6871857727931721608
3 300 1 1 17721619206096294273
3 301 0 1 10585202864517959301
3 302 2 1 10898249199547365704
3 303 2 1 9663430180652362739
3 304 1 1 1737102419936989910
3 305 1 1 5117227310201589790
3 306 0 1 16884367896390523102
3 307 2 1 10498150099412419335
3 308 1 1 1921007855220546564
3 309 2 1 7643484074408755248
3 310 1 1 11318429053286342939
3 311 2 1 1370093900783164344
3 312 2 1 6776537281339823025
3 313 0 1 3450492372588984223
3 314 2 1 9401014545757436331
3 315 0 1 7896519943553875907
3 316 0 1 14303443932332314010
3 317 2 1 281238069833157985
3 318 2 1 9628364435514671685
3 319 1 1 1035647896705322917
3 320 1 1 940113500519447970
3 321 1 1 12858978713386075837
3 322 1 1 2103046007104782505
3 323 1 1 1170332608028903179
3 324 0 1 6569179731999105361
3 325 1 1 9795365446060253382
3 326 1 1 3663276878692063340
3 327 2 1 11746321300354091749
3 328 1 1 5408361990473950532
3 329 2 1 9735653452670998906
3 330 2 1 4324195634733601175
3 331 0 1 9037136744494003310
3 332 1 1 10715330324656609711
3 333 1 1 3474343689175121886
3 334 0 1 5794004792094061662
3 335 2 1 13295581273946061060
3 336 2 1 7292949743142825837
3 337 2 1 10886028626057941279
3 338 2 1 10688849249577735178
3 339 2 1 17297010345160851373
3 340 0 1 13658139148821214513
3 341 0 1 4468290234101910565
3 342 1 1 9583516840381960864
3 343 1 1 2100818272677130469
3 344 2 1 3835407486618772476
3 345 1 1 11687972045781987867
3 346 2 1 2584265809482868424
3 347 0 1 2184370854727222683
3 348 2 1 17762352308671769689
3 349 2 1 10901114407297935135
3 350 1 1 17932666452350314317
3 351 1 1 14800534017102555607
3 352 0 1 16233839909626358812
3 353 0 1 1704089397092793640
3 354 2 1 2891239861334407450
3 355 1 1 18077585692287687954
3 356 2 1 2363047449739120434
3 357 0 1 5904357530901606076
3 358 1 1 16765772907460692007
3 359 0 1 8757786729323486734
3 360 1 1 3706883612695347371
3 361 1 1 14958907430930711064
3 362 0 1 9624134580897548276
3 363 0 1 10298009507777483067
3 364 0 1 5667412839234900228
3 365 1 1 6828701555684071915
3 366 1 1 10482797977665945217
3 367 2 1 13440894740881464138
3 368 1 1 12078258924098889769
3 369 0 1 5740761565098658841
3 370 0 1 13914375003115830180
3 371 0 1 16808960379045776034
3 372 0 1 18421450170384511575
3 373 1 1 16478974619417516521
3 374 2 1 14381565232287562804
3 375 2 1 12792472782420522791
3 376 2 1 6620422687983566193
3 377 1 1 12025299949416885293
3 378 2 1 6046334025019123
3 379 1 1 16769051888439418536
3 380 2 1 10312203372653850423
3 381 2 1 720028297035890629
3 382 2 1 6441255456466558203
3 383 1 1 9874005816230679263
3 384 0 1 15903170012916142038
3 385 0 1 7557768652767625223
3 386 0 1 17626605079857371651
3 387 2 1 9092603716684679963
3 388 2 1 15518831173015579794
3 389 1 1 300798272301981904
3 390 2 1 13762040857722893585
3 391 1 1 3117104080838901168
3 392 0 1 4702649037537941245
3 393 1 1 14408238429167682374
3 394 0 1 17923200330177894118
3 395 0 1 7470538549881440849
3 396 2 1 3664543122474851710
3 397 0 1 17626200978883719521
3 398 2 1 15355649603762884691
3 399 0 1 4749231114166154448
3 400 0 1 11220859020615935192
3 401 1 1 4740127963151294603
3 402 2 1 16616708905207951068
3 403 0 1 9828299274924872726
3 404 0 1 8985762004928355786
3 405 2 1 14578866413196595465
3 406 0 1 11009044264074492189
3 407 0 1 16196760954725621137
3 408 2 1 10725252972011913420
3 409 1 1 4601011175737567235
3 410 0 1 1441938685024169613
3 411 2 1 1896485105672535586
3 412 1 1 6635496128279078494
3 413 1 1 7401072902622950072
3 414 0 1 16075245295895555285
3 415 2 1 11009539992705810569
3 416 2 1 13666961049432909413
3 417 1 1 930044899627839572
3 418 2 1 7899294831116079515
3 419 0 1 7830402010660588539
3 420 0 1 5485720725031791061
3 421 0 1 17051528642209786987
3 422 1 1 7280223907880312904
3 423 1 1 10641556535303807158
3 424 2 1 12639056541805784436
3 425 1 1 12321318600465693220
3 426 1 1 10108223508416203621
3 427 0 1 16243972184205577210
3 428 1 1 8544062083712081766
3 429 0 1 11274622334580836223
3 430 0 1 10844017387984539333
3 431 2 1 14774228730866078526
3 432 0 1 560237794062265107
3 433 0 1 5844494700804214355
3 434 0 1 12270220729021534083
3 435 1 1 8560016492134621125
3 436 0 1 12198417933760222474
3 437 2 1 10133839346494565561
3 438 0 1 9295901871619786454
3 439 2 1 10849442312533122519
3 440 2 1 18021432643418872607
3 441 2 1 10155396024449547909
3 442 0 1 10524212640889309144
3 443 0 1 16662796689072019468
3 444 0 1 965963318619140447
3 445 1 1 8887484786999567242
3 446 0 1 15714444653107301219
3 447 0 1 1678356452623540647
3 448 0 1 11052117692502964420
3 449 2 1 14549914962216724919
3 450 1 1 2062106447906584711
3 451 1 1 9160372737526136799
3 452 2 1 408961132483689555
3 453 0 1 16057982805180036489
3 454 0 1 3569128826873655261
3 455 1 1 9330490631980133992
3 456 2 1 1176328083272936519
3 457 0 1 11222898184704497134
3 458 2 1 9302091588024171405
3 459 2 1 10671057562378043302
3 460 2 1 4098229850247478874
3 461 0 1 8603114141751656125
3 462 2 1 5095034292565071557
3 463 1 1 17972196540767155575
3 464 1 1 17052421619317624598
3 465 0 1 1582078615100434096
3 466 0 1 12012345949788712038
3 467 0 1 16161371278263065802
3 468 1 1 2541771182459136706
3 469 0 1 4555228648728151989
3 470 1 1 8434259952664443907
3 471 1 1 11417314755930316675
3 472 1 1 4859944209493970278
3 473 0 1 3960064386733120970
3 474 1 1 831798891742765072
3 475 1 1 15333350611999607709
3 476 1 1 16195235791627584805
3 477 0 1 11597945977924582290
3 478 2 1 5623573319924035254
3 479 2 1 11517834322140013944
3 480 0 1 4133597640080778846
3 481 1 1 5871425684860123605
3 482 1 1 1689282515842046354
3 483 0 1 12636468992840026995
3 484 2 1 14838814546330146559
3 485 1 1 521771145052581487
3 486 1 1 2880434048302248640
3 487 0 1 8371131723257691693
3 488 0 1 14881811984607317690
3 489 1 1 1324986559026356337
3 490 1 1 15096177686518116013
3 491 2 1 4421234407032663127
3 492 0 1 14405416956529710514
3 493 0 1 3720189381923668652
3 494 1 1 409223713688462738
3 495 2 1 9606291214917499037
3 496 0 1 9223836018030016969
3 497 1 1 190459553092726002
3 498 2 1 12216883190512504355
3 499 1 1 2445407445757699168
3 500 0 1 4632853494959579227
3 501 2 1 13184809158706083946
3 502 2 1 5787237245171889527
3 503 0 1 10294885203231741175
3 504 1 1 4191072920233802133
3 505 1 1 4291939441266046279
3 506 1 1 16375865614446560083
3 507 1 1 8623994097296487259
3 508 0 1 15309273767847758202
3 509 2 1 9397335507036899909
3 510 1 1 6747046333776906674
3 511 2 1 13832845734789247298
3 512 1 1 7019441607318179720
3 513 1 1 10005910351872177492
3 514 2 1 4145022192145704170
3 515 0 1 4353043221960833896
3 516 1 1 8973895156742077167
3 517 2 1 438950987149754489
3 518 2 1 2185272607213603213
3 519 2 1 8466605802960622962
3 520 2 1 12110999198806592422
3 521 2 1 11821045514824268224
3 522 0 1 10878266882585355136
3 523 1 1 11760743717116988087
3 524 2 1 4184976790109698342
3 525 2 1 18330309416210613006
3 526 2 1 1107206443001387417
3 527 2 1 79384941109554222
3 528 2 1 9163366224008952362
3 529 1 1 3321824684344751056
3 530 0 1 3693723307432954164
3 531 0 1 6079394558849393056
3 532 0 1 11401125038466760935
3 533 1 1 3656219353656357222
3 534 1 1 1735342045865967049
3 535 0 1 4042759343240967690
3 536 1 1 12711975181279962687
3 537 2 1 9500297538285176400
3 538 1 1 15298274009373410204
3 539 1 1 9806309365986113958
3 540 0 1 10640867530898511005
3 541 0 1 17462737140104853956
3 542 2 1 4414872795937286161
3 543 0 1 14852747253248972903
3 544 1 1 15278706409822090441
3 545 0 1 6433625831299907179
3 546 1 1 3321907667985685429
3 547 0 1 11390693584827212740
3 548 0 1 11529629266037992234
3 549 0 1 10328859824139248147
3 550 1 1 16428469301035734767
3 551 2 1 17926643922068445985
3 552 0 1 705326063324784242
3 553 1 1 8105287564212541268
3 554 0 1 15433828269766668455
3 555 2 1 3714790519415313767
3 556 2 1 5417718938962187987
3 557 0 1 7847045502609209896
3 558 2 1 8025090526912661197
3 559 1 1 2234136672994823541
3 560 2 1 16041001438425499955
3 561 2 1 10050820915370092068
3 562 2 1 14731208739754682952
3 563 1 1 9320476318639351023
3 564 1 1 14993011533295358880
3 565 2 1 4179632880986595543
3 566 2 1 8947621078428360390
3 567 2 1 14715184767037401701
3 568 1 1 2617407252848328649
3 569 2 1 4818108510694228841
3 570 0 1 3602814087839803186
3 571 1 1 14679368779377024657
3 572 0 1 7354547195052671772
3 573 1 1 453184876960970470
3 574 2 1 15781004944602184656
3 575 2 1 12000277437894508493
3 576 2 1 14990587330205222466
3 577 1 1 13913588124149397652
3 578 0 1 14252160166631667289
3 579 0 1 1532590395334038243
3 580 2 1 10283229111568663870
3 581 2 1 17325140074534683390
3 582 1 1 15829693190940193580
3 583 2 1 7621681592523599724
3 584 0 1 10682206684717316020
3 585 2 1 1847393779801417006
3 586 0 1 3066262069769536156
3 587 2 1 14633662576956154615
3 588 2 1 15324290530255177253
3 589 2 1 14627271171597064522
3 590 2 1 14334883061544405592
3 591 2 1 12329324284039697670
3 592 1 1 14425669906700626239
3 593 0 1 4967072546582904838
3 594 1 1 11336784484312139551
3 595 2 1 9293117687355182150
3 596 0 1 18198595579111618687
3 597 2 1 3236555730692485133
3 598 2 1 3659681352365625914
3 599 2 1 5185822088933195476
3 600 1 1 1820961806679957133
3 601 0 1 5103404090674191862
3 602 1 1 16176358349875499548
3 603 0 1 15699479324816269479
3 604 1 1 6929077312607579230
3 605 1 1 7724671543660786314
3 606 0 1 15226863704421704735
3 607 0 1 10411799650043017788
3 608 2 1 2743533500235068318
3 609 0 1 7917895244279791454
3 610 1 1 9194839772540541837
3 611 1 1 8170679394364395846
3 612 2 1 2830213237197365734
3 613 1 1 7353896603754987224
3 614 0 1 17634372441601249827
3 615 2 1 8515117661105161813
3 616 1 1 5818937363197514778
3 617 2 1 8536843065945835629
3 618 0 1 2920190566549352463
3 619 0 1 4206179361653770600
3 620 1 1 15470355568872211976
3 621 0 1 8427825008315838911
3 622 2 1 5786540713287383830
3 623 2 1 15547153445796060183
3 624 1 1 12329720415526259303
3 625 2 1 5557519966701086911
3 626 1 1 17778904544770937806
3 627 0 1 17514165232876376499
3 628 1 1 17788126989478779154
3 629 1 1 17150186057659184837
3 630 0 1 96482940290395907
3 631 0 1 5391763100021787727
3 632 2 1 13311921842198397018
3 633 2 1 212666859219880844
3 634 0 1 17021563369181645958
3 635 2 1 11336487866339302675
3 636 1 1 9141466969851850320
3 637 2 1 15662548514627491449
3 638 0 1 7860565965198889264
3 639 0 1 13899151565605256321
3 640 1 1 13381351357933618242
3 641 2 1 14888589325358078776
3 642 2 1 8892463471491396086
3 643 0 1 15103645417329254911
3 644 0 1 5461076326426815327
3 645 0 1 1842242118931503497
3 646 2 1 4404875173572687401
3 647 1 1 13971514988681285540
3 648 1 1 17325818256926300242
3 649 0 1 15093194250549176553
3 650 1 1 2037055123708268678
3 651 0 1 16257942776085749532
3 652 2 1 10590700494563920368
3 653 0 1 9510359897405254265
3 654 0 1 14355127120473277462
3 655 0 1 17727696335014918206
3 656 1 1 5852409884542362577
3 657 2 1 15296449745630772621
3 658 2 1 15183080793648581194
3 659 0 1 16672300287494724460
3 660 0 1 13969062191570534211
3 661 1 1 9287911224447475220
3 662 2 1 8201339388669403090
3 663 1 1 6896471492123786378
3 664 1 1 17836899414146968932
3 665 1 1 18212192901661339968
3 666 2 1 13589433629948059304
3 667 1 1 11028761701391980161
3 668 1 1 6774257768766057466
3 669 0 1 12173254712476586450
3 670 1 1 12848080044100037611
3 671 0 1 8528727180962924144
3 672 0 1 1419515180397454273
3 673 0 1 14756964613420120449
3 674 2 1 5897971337265509756
3 675 0 1 7895151636400005603
3 676 0 1 12470640271491881548
3 677 0 1 1601970429693801261
3 678 2 1 15095880759160767112
3 679 0 1 9199134360165595311
3 680 0 1 3011979166743445660
3 681 0 1 12194258846860258337
3 682 0 1 3655956427657893470
3 683 2 1 2336006494839215747
3 684 0 1 14852738832219225696
3 685 0 1 980198724853947166
3 686 2 1 15813714724821744703
3 687 2 1 791599627749143069
3 688 0 1 7348649629500435093
3 689 2 1 15262170387612229708
3 690 0 1 15303522042429377318
3 691 0 1 8425613881574971669
3 692 1 1 15801520478161584059
3 693 1 1 14074339996639769183
3 694 2 1 11257371430211006951
3 695 0 1 13402846107666422911
3 696 0 1 6626174270103647993
3 697 2 1 14681865631183261473
3 698 2 1 4451829808427344249
3 699 1 1 5724496674828323027
3 700 1 1 14972202730373011904
3 701 0 1 11481387700399791014
3 702 1 1 17251674197980054589
3 703 2 1 1838448127446963389
3 704 0 1 1207376433173020767
3 705 0 1 9073502573042965711
3 706 0 1 13838468943242852421
3 707 0 1 5020402172333584866
3 708 1 1 1289816897702617855
3 709 2 1 16074253538753775279
3 710 2 1 2848619861528754568
3 711 2 1 5973640488400207347
3 712 1 1 3071333206607986706
3 713 1 1 12888295794552218363
3 714 0 1 5137015169022219459
3 715 1 1 6855845130657996130
3 716 1 1 13509486497434551605
3 717 0 1 3108141178579225625
3 718 2 1 11547672040624451730
3 719 0 1 8228290404814299648
3 720 0 1 556050802577131935
3 721 2 1 1291564719606180243
3 722 1 1 12244181387410231701
3 723 2 1 278862824664555643
3 724 2 1 15819233907350967248
3 725 2 1 17068340672410761541
3 726 2 1 18086332283553587440
3 727 2 1 315661412098236862
3 728 1 1 2955724640055190386
3 729 2 1 13784171517969596718
3 730 2 1 1290092202280378555
3 731 2 1 16592960356544350813
3 732 2 1 16858716830044052167
3 733 0 1 897800245874941430
3 734 1 1 13540719245109081222
3 735 0 1 1083645675370617492
3 736 2 1 1386604666325681943
3 737 0 1 15322508077521817796
3 738 0 1 17200996622826525908
3 739 2 1 377359248448239623
3 740 0 1 903752203431456047
3 741 2 1 5917034777147383262
3 742 1 1 14427307358937396394
3 743 2 1 7312697203701764121
3 744 2 1 16205567221211754073
3 745 1 1 2397860267640591749
3 746 0 1 7771620645425797965
3 747 1 1 4628927853429026927
3 748 2 1 10814117705525372791
3 749 1 1 1781328114115837238
3 750 1 1 8047892713447387890
3 751 1 1 14325316982420673798
3 752 0 1 307254776259779147
3 753 2 1 18088484138876255865
3 754 1 1 6235903010317883578
3 755 2 1 4576014393928771646
3 756 0 1 11902339501721522128
3 757 1 1 11466077100832512450
3 758 1 1 1320279640819393445
3 759 1 1 7149459462530810516
3 760 0 1 17183597293436304345
3 761 0 1 10494281344202625434
3 762 1 1 15351591175592386700
3 763 2 1 6787100053213878886
3 764 2 1 4662750932232247137
3 765 1 1 9155970812684385713
3 766 2 1 16135661826301908461
3 767 1 1 18304055221177982100
3 768 1 1 9416630457538799891
3 769 1 1 14565714036259547408
3 770 1 1 1567015689328697302
3 771 1 1 6354592639376292074
3 772 2 1 17850376331797597416
3 773 1 1 10659961423006612289
3 774 1 1 17519724454480552469
3 775 2 1 11678126474628634190
3 776 1 1 1758403873368227086
3 777 0 1 15990654484983665543
3 778 0 1 11214965843994241271
3 779 1 1 12011525616758716968
3 780 2 1 10447121228281024024
3 781 1 1 2305551614414338365
3 782 2 1 16044382098030270132
3 783 1 1 12224093843246544395
3 784 1 1 16482020615341119088
3 785 1 1 10963267852467973529
3 786 1 1 17349096433594909876
3 787 0 1 12720620716465149679
3 788 1 1 16276416704186986927
3 789 1 1 9749492746774307320
3 790 1 1 4878537625661881849
3 791 1 1 3596658220251367324
3 792 0 1 1250366616134450842
3 793 0 1 6810591609326569041
3 794 0 1 3598393359978582179
3 795 0 1 12253949833836762468
3 796 2 1 12506534045411421786
3 797 2 1 5579778259811453914
3 798 2 1 9776215669441974360
3 799 2 1 2458400878391347086
3 800 1 1 8348402873370648617
3 801 0 1 7121289029007601878
3 802 2 1 12229263687747326448
3 803 2 1 17037102369907624029
3 804 1 1 4480768498551219639
3 805 2 1 2055333633189980498
3 806 0 1 1996380200405366126
3 807 2 1 16269828220783280610
3 808 2 1 2087527536209518012
3 809 1 1 15824764389964056849
3 810 0 1 2567742633386698867
3 811 0 1 712225451323391987
3 812 2 1 8933753793270353555
3 813 1 1 13585078573555411625
3 814 0 1 867327728114824049
3 815 1 1 7583624842930804212
3 816 2 1 3377553416701167536
3 817 2 1 16921474325853581610
3 818 0 1 16140895111948716532
3 819 0 1 12207578918983470422
3 820 1 1 1646174217514160398
3 821 0 1 1607026980068118758
3 822 0 1 13303437415396801338
3 823 2 1 12587920481280066999
3 824 2 1 13987107713225334715
3 825 0 1 4992520640352863728
3 826 0 1 7263447506959407124
3 827 0 1 5199858030989230147
3 828 1 1 9061431503722510949
3 829 2 1 14400252600937389012
3 830 0 1 5744796948459454394
3 831 2 1 10292591259771880588
3 832 1 1 1721312458226718226
3 833 0 1 16635218433302059851
3 834 0 1 11656534395951367480
3 835 1 1 3706250251522790279
3 836 0 1 13109149372599278855
3 837 0 1 15782623443980200467
3 838 1 1 16550074045325605656
3 839 2 1 8552238076040605299
3 840 2 1 9482885590978036086
3 841 2 1 9671478455262059566
3 842 0 1 10893144584594332227
3 843 2 1 16019322840413540987
3 844 1 1 8296393284743045220
3 845 1 1 17938815114635715205
3 846 0 1 6264829385778688153
3 847 0 1 1851240405679727308
3 848 2 1 8252127944258078957
3 849 1 1 278628055251899660
3 850 2 1 17284352895107447551
3 851 1 1 1917595448595108230
3 852 0 1 4194184253204412852
3 853 2 1 6053135762636289112
3 854 2 1 17829479236593827180
3 855 0 1 17138125122391290546
3 856 0 1 12701771613115087757
3 857 1 1 15851635548108017237
3 858 2 1 15429185374696762248
3 859 2 1 1092543755026054444
3 860 0 1 11339471547318422768
3 861 2 1 5928009338273096310
3 862 2 1 15799438807585898358
3 863 0 1 7759398761882215565
3 864 2 1 6631869218547533701
3 865 1 1 1467136438670102142
3 866 0 1 8634286993913126889
3 867 2 1 1625376813926906406
3 868 2 1 11217810185908857400
3 869 1 1 8625591546392093923
3 870 0 1 17296397694263603933
3 871 1 1 15605747394391364522
3 872 0 1 1662045846911902792
3 873 1 1 17127000247114321803
3 874 2 1 8356660387712428204
3 875 0 1 1918485604873496907
3 876 0 1 2370571666901420648
3 877 1 1 15787385066387380099
3 878 0 1 5464477678597110906
3 879 1 1 11425249858769946518
3 880 1 1 6591019215869863149
3 881 1 1 9479744778601152624
3 882 1 1 15172779966452753614
3 883 1 1 7752719149069356364
3 884 1 1 18415611086810130089
3 885 0 1 17283471393219112121
3 886 2 1 12355267205606811577
3 887 0 1 635145025396992592
3 888 0 1 5396237116775390812
3 889 1 1 3552831403988064335
3 890 0 1 14168163303014268947
3 891 0 1 12627213986475551446
3 892 1 1 15759311136550812405
3 893 0 1 1626935584364203400
3 894 2 1 9310496835576179512
3 895 0 1 6245520276975783671
3 896 2 1 7024663181048246622
3 897 0 1 3427477009023336836
3 898 2 1 2933969795091320036
3 899 1 1 2151226409008220811
3 900 0 1 11539738627618492576
3 901 0 1 13725329897058492021
3 902 2 1 7498965915916310645
3 903 0 1 10290852052645224423
3 904 1 1 6604848973131369881
3 905 1 1 15811231974215060058
3 906 0 1 2271887981598533043
3 907 2 1 3594314518191525754
3 908 0 1 17149519013436525742
3 909 1 1 8679304823079730570
3 910 2 1 13578822930296496311
3 911 0 1 7091768012700047649
3 912 0 1 3785057672906901675
3 913 1 1 4236181286844492290
3 914 1 1 8508302517230928544
3 915 0 1 7300358184937218339
3 916 0 1 12384908352232692669
3 917 0 1 12492744495972933877
3 918 0 1 7314891822313963191
3 919 0 1 8324938997494297354
3 920 0 1 5209197900603935779
3 921 1 1 2658432712832078185
3 922 2 1 5318876851637134397
3 923 2 1 16575705827128833203
3 924 0 1 10064850062465251207
3 925 0 1 4212292470574654048
3 926 1 1 14980416404180533629
3 927 0 1 16757608328210085737
3 928 1 1 2318174214965864870
3 929 1 1 11090483489978208173
3 930 2 1 4454423999516879015
3 931 1 1 16112997200825396525
3 932 2 1 6280448590284782941
3 933 2 1 9633346215123474089
3 934 0 1 4043276543108671776
3 935 0 1 5617487009102249240
3 936 1 1 5876783769254797390
3 937 0 1 12282204452000419979
3 938 0 1 11539547785106538148
3 939 0 1 7026195643862072596
3 940 1 1 3299214246762090106
3 941 2 1 12374300965992954143
3 942 2 1 6758847474999357295
3 943 0 1 15792537753857445948
3 944 1 1 17507047352822497538
3 945 0 1 12191874001355785115
3 946 0 1 13766936657810901564
3 947 2 1 6187579338224863221
3 948 0 1 575235837446271943
3 949 2 1 3941374392937187760
3 950 2 1 12518650711486048524
3 951 0 1 4818749123633553555
3 952 1 1 2958342177660858065
3 953 1 1 3745796037585186959
3 954 2 1 9797933292464336113
3 955 2 1 15543349084849553232
3 956 0 1 486551758244958240
3 957 1 1 10593020500469347495
3 958 0 1 6369600516659338451
3 959 0 1 9007750655643717510
3 960 2 1 17785627354791621201
3 961 0 1 14764033308265707661
3 962 0 1 18034000857235843178
3 963 0 1 16557096199299614580
3 964 2 1 2437200641143386748
3 965 0 1 10182421626449994068
3 966 1 1 75625115684404924
3 967 1 1 6127271793307871498
3 968 0 1 11214820889151820355
3 969 0 1 12416802602799347959
3 970 0 1 1548125927064443941
3 971 0 1 10690183998159090903
3 972 1 1 10911454061780779591
3 973 2 1 17091566498439379262
3 974 0 1 13151991451832194121
3 975 1 1 11968421298731076421
3 976 2 1 7281465657596491640
3 977 0 1 16882855184145485567
3 978 1 1 16502249339396824566
3 979 1 1 3454458562438881671
3 980 1 1 5912850829099334963
3 981 0 1 5330146666763391722
3 982 2 1 8451916490946969729
3 983 1 1 6215268879167456629
3 984 0 1 9983414677725534452
3 985 0 1 1533824374095340090
3 986 1 1 11273301590638124495
3 987 0 1 888171466822353933
3 988 1 1 12600073355339343855
3 989 0 1 10435556484299784260
3 990 2 1 4932808928766631330
3 991 2 1 15166592873301253506
3 992 0 1 6396823673282492139
3 993 1 1 14209064470829046875
3 994 1 1 6577114328647476307
3 995 2 1 1197590027279852334
3 996 2 1 17587678522946712038
3 997 1 1 15126029715399578860
3 998 0 1 57675930565383847
3 999 1 1 10193180073869439881
4 0 2 1 14514284786278117030
4 1 0 1 4620546740167642908
4 2 0 1 13109570281517897720
4 3 2 1 17462938647148434322
4 4 0 1 355488278567739596
4 5 2 1 7469126240319926998
4 6 1 1 4635995468481642529
4 7 2 1 418970542659199878
4 8 0 1 9604170989252516556
4 9 2 1 6358044926049913402
4 10 1 1 5058016125798318033
4 11 3 1 10349215569089701407
4 12 0 1 2583272014892537200
4 13 3 1 10032373690199166667
4 14 0 1 9627645531742285868
4 15 0 1 15810285301089087632
4 16 2 1 9219209713614924562
4 17 3 1 7736011505917826031
4 18 1 1 13729552270962724157
4 19 1 1 4596340717661012313
4 20 2 1 4413874586873285858
4 21 2 1 5904155143473820934
4 22 1 1 16795776195466785825
4 23 2 1 3040631852046752166
4 24 3 1 4529279813148173111
4 25 1 1 3658352497551999605
4 26 2 1 13205889818278417278
4 27 2 1 17853215078830450730
4 28 0 1 14193508720503142180
4 29 1 1 1488787817663097441
4 30 0 1 8484116316263611556
4 31 2 1 4745643133208116498
4 32 1 1 14333959900198994173
4 33 2 1 10770733876927207790
4 34 0 1 17529942701849009476
4 35 3 1 8081518017574486547
4 36 2 1 5945178879512507902
4 37 0 1 9821139136195250096
4 38 2 1 4728986788662773602
4 39 0 1 840062144447779464
4 40 0 1 9315169977352719788
4 41 2 1 12843335216705846126
4 42 0 1 1682692516156909696
4 43 0 1 16733405176195045732
4 44 0 1 570275675392078508
4 45 2 1 2804578118555336986
4 46 0 1 18105853946332827420
4 47 1 1 11444576169427052165
4 48 3 1 5511269538150904327
4 49 1 1 6665263661402689669
4 50 1 1 8872308438533970361
4 51 1 1 5494304472256329401
4 52 2 1 5260777597240341458
4 53 0 1 17048363385688465216
4 54 0 1 11601203342555724204
4 55 2 1 13927871433293278342
4 56 1 1 13168989862813642697
4 57 0 1 13332527631701716084
4 58 1 1 1288265801825883165
4 59 1 1 8980511589347843149
4 60 0 1 1639193574298669424
4 61 1 1 14012553476551396225
4 62 1 1 7818048564976445173
4 63 2 1 11012385938523194722
4 64 3 1 1594098091654903511
4 65 3 1 5035242355473277827
4 66 0 1 11507220397369885600
4 67 1 1 4097669440061230013
4 68 3 1 4158775797243890311
4 69 2 1 8008476757622511610
4 70 1 1 18212599999684195413
4 71 1 1 3892070972454396029
4 72 3 1 15739033291548026583
4 73 1 1 5240984520368774617
4 74 0 1 15428220128146522508
4 75 1 1 6764778500174078837
4 76 1 1 17250425930626079997
4 77 1 1 15862445320841941901
4 78 0 1 9055707723866709616
4 79 1 1 407278260229756649
4 80 0 1 6679883267401891436
4 81 2 1 13585010976506536654
4 82 0 1 9580697194899010248
4 83 2 1 7802093638911637786
4 84 3 1 535562807229422763
4 85 0 1 16772549087470588412
4 86 0 1 2069348082463192648
4 87 1 1 18080878539236249869
4 88 1 1 12688200000096479737
4 89 1 1 8989665349769173357
4 90 0 1 13575112928849473200
4 91 0 1 10859033464356012248
4 92 1 1 9748216112997718693
4 93 1 1 8405158063935141693
4 94 1 1 15279502632583570477
4 95 0 1 16055899490125284200
4 96 0 1 9066388900883848980
4 97 1 1 17884680971936629565
4 98 1 1 16395391805201036549
4 99 2 1 2550532686790805254
4 100 2 1 8052938288948613298
4 101 3 1 6344035301348514175
4 102 1 1 2193824757648316037
4 103 3 1 10113332896580941759
4 104 2 1 14001553499759966766
4 105 0 1 597702890888347204
4 106 2 1 1874324574384293454
4 107 2 1 10826913572691111562
4 108 1 1 12821185545071087721
4 109 1 1 14606566723149387105
4 110 3 1 15679487422249894303
4 111 2 1 16146086267469614290
4 112 0 1 11169330698794304272
4 113 3 1 17590151747242102595
4 114 0 1 18278229723818623796
4 115 1 1 15994633360516603469
4 116 3 1 11881756471423721131
4 117 3 1 11153906733009525059
4 118 3 1 16836145075420168747
4 119 3 1 8614597919830747987
4 120 2 1 1459907787369619658
4 121 0 1 16682004712721580156
4 122 3 1 15261848763679157527
4 123 1 1 2717413695111288049
4 124 3 1 14889665525641206303
4 125 2 1 12338480473037317818
4 126 0 1 2557597240994564872
4 127 3 1 12402353581130313583
4 128 2 1 15355546302939095474
4 129 0 1 17651033590338072704
4 130 3 1 11616809212196625943
4 131 2 1 6561978461173088746
4 132 0 1 5962436378610109024
4 133 2 1 1168012300494473422
4 134 1 1 5175053317267933097
4 135 1 1 4740525681678845797
4 136 0 1 1614376253554691208
4 137 0 1 1358027693590031708
4 138 2 1 1856992378370522222
4 139 3 1 2410813678132517023
4 140 1 1 11582456654366157909
4 141 1 1 5754940895753314317
4 142 3 1 17548218371729667895
4 143 0 1 17945642044770404276
4 144 2 1 3721164045489467070
4 145 3 1 13394551493150992827
4 146 3 1 12475264300415171883
4 147 2 1 10462606688633056562
4 148 3 1 13251365510693735175
4 149 0 1 3876338822302790600
4 150 2 1 13771801863059799470
4 151 3 1 13815564444636394855
4 152 2 1 16495110748802246170
4 153 1 1 2156091871580385249
4 154 2 1 12069080176326280986
4 155 0 1 489805578737239572
4 156 0 1 5271183164515543116
4 157 3 1 11286401144444756863
4 158 0 1 6746000579485080744
4 159 3 1 5186625150343537151
4 160 1 1 13119883039086991857
4 161 2 1 16025170396082521338
4 162 1 1 2259331576759215945
4 163 3 1 16362343102415556603
4 164 1 1 10982898132796723193
4 165 3 1 14666888772828547003
4 166 2 1 10462483830193419334
4 167 1 1 18236154274104239589
4 168 0 1 17759599582309981676
4 169 2 1 9339512652453242670
4 170 1 1 14635458573977612405
4 171 2 1 13273192362623128494
4 172 3 1 7419053614262815071
4 173 2 1 2139880725825605974
4 174 0 1 15336265650071823816
4 175 1 1 6291952205449675957
4 176 2 1 14977329074317573394
4 177 3 1 4364768269648744391
4 178 1 1 17232241565077788317
4 179 0 1 8450549923677533764
4 180 3 1 15732483035355013039
4 181 3 1 13831185231495622915
4 182 0 1 6819123640184841760
4 183 3 1 11886944798543888851
4 184 0 1 10879889186777890996
4 185 1 1 15555433551230813341
4 186 3 1 105259452319848079
4 187 0 1 3441909642659419332
4 188 3 1 5480947869602487239
4 189 2 1 6247709904124292706
4 190 1 1 13391610271247915041
4 191 1 1 18346462037123761313
4 192 3 1 16636317150577797347
4 193 0 1 14149179703416851896
4 194 3 1 2376171948756359367
4 195 0 1 5152472389910152792
4 196 1 1 2368047066677070121
4 197 2 1 16396163399604156946
4 198 1 1 14864288050288048653
4 199 0 1 7393398358587456124
4 200 1 1 9728143941576351989
4 201 3 1 5481913815176021747
4 202 1 1 16927964714362701213
4 203 2 1 14993236783745363262
4 204 1 1 9552302871570670457
4 205 3 1 11071069341174528295
4 206 1 1 15381321939083200837
4 207 2 1 8816171210895558106
4 208 0 1 6071991122052964372
4 209 1 1 10925078611503375837
4 210 3 1 15239629154712277871
4 211 0 1 8615167154188153180
4 212 3 1 4917230293625512515
4 213 0 1 14895742215835130464
4 214 1 1 2359753755290725009
4 215 3 1 6783321469015983851
4 216 1 1 360705462143558065
4 217 0 1 2287732638733919300
4 218 1 1 2984153050512747353
4 219 0 1 8021412450653308816
4 220 0 1 12759258587083258672
4 221 3 1 1585563973173997547
4 222 1 1 18209504305389149669
4 223 3 1 11416757620121532143
4 224 2 1 6846989578536141166
4 225 2 1 4365862612957164362
4 226 3 1 2931876801952518067
4 227 2 1 680191398818283694
4 228 2 1 1834352496547951770
4 229 0 1 12616538556720116808
4 230 1 1 17563613795929063197
4 231 0 1 14519515363534791688
4 232 3 1 4349527158980778739
4 233 3 1 6714794984698083967
4 234 1 1 6696141578113299617
4 235 3 1 17231874453010340947
4 236 0 1 18425812703539835928
4 237 1 1 3707544366662920973
4 238 2 1 10197276740411893574
4 239 0 1 12864434420502416888
4 240 0 1 12767250491273234520
4 241 1 1 1588549204908870909
4 242 0 1 6610295429674120152
4 243 0 1 5281895767268096036
4 244 2 1 1739897672032589486
4 245 2 1 17406469206626426854
4 246 3 1 8710378533013875691
4 247 0 1 9587926405039941516
4 248 2 1 2805299725371867574
4 249 3 1 7146901261023555807
4 250 3 1 1825062423171923931
4 251 3 1 3049052876249887095
4 252 1 1 10771741767689142181
4 253 1 1 8733642741329011601
4 254 3 1 11979515434717210935
4 255 1 1 10043245691272652957
4 256 1 1 5830279975302858953
4 257 3 1 17190113074333440499
4 258 0 1 18260575806620923460
4 259 1 1 14335648769917655401
4 260 0 1 4153816861017702156
4 261 0 1 14590500750979768984
4 262 0 1 810991542442466488
4 263 0 1 7089785717813579612
4 264 1 1 12357837562747114001
4 265 0 1 5554121432788679660
4 266 2 1 5931025703748246718
4 267 1 1 2097835176693352889
4 268 3 1 12745618408404359587
4 269 0 1 6090924568528767236
4 270 0 1 14734637834598564704
4 271 3 1 14439652293742648615
4 272 1 1 132405348116615733
4 273 3 1 13869945305505934743
4 274 0 1 7372953811704808036
4 275 1 1 7756437368369298361
4 276 3 1 3794582695199039623
4 277 2 1 12917619229835701974
4 278 3 1 14320084076906478671
4 279 2 1 2606626751703588462
4 280 0 1 3137561743724131360
4 281 0 1 13808802441028589896
4 282 2 1 14231944027275971054
4 283 2 1 16852581317945783254
4 284 2 1 10323673491841952054
4 285 0 1 2313335010769237820
4 286 0 1 13955532667350441768
4 287 2 1 5747153089934705338
4 288 3 1 13377135145695875091
4 289 3 1 6830230899286657495
4 290 1 1 81856298782858401
4 291 0 1 1754724887913860152
4 292 0 1 13750479713795882912
4 293 3 1 11120120136303124367
4 294 1 1 15046307382468953177
4 295 0 1 3696979254055818020
4 296 0 1 15352898388246644384
4 297 2 1 1024778962410818770
4 298 3 1 2388728043318081123
4 299 0 1 6871857727931721608
4 300 1 1 17721619206096294273
4 301 1 1 10585202864517959301
4 302 0 1 10898249199547365704
4 303 3 1 9663430180652362739
4 304 2 1 1737102419936989910
4 305 2 1 5117227310201589790
4 306 2 1 16884367896390523102
4 307 3 1 10498150099412419335
4 308 0 1 1921007855220546564
4 309 0 1 7643484074408755248
4 310 3 1 11318429053286342939
4 311 0 1 1370093900783164344
4 312 1 1 6776537281339823025
4 313 3 1 3450492372588984223
4 314 3 1 9401014545757436331
4 315 3 1 7896519943553875907
4 316 2 1 14303443932332314010
4 317 1 1 281238069833157985
4 318 1 1 9628364435514671685
4 319 1 1 1035647896705322917
4 320 2 1 940113500519447970
4 321 1 1 12858978713386075837
4 322 1 1 2103046007104782505
4 323 3 1 1170332608028903179
4 324 1 1 6569179731999105361
4 325 2 1 9795365446060253382
4 326 0 1 3663276878692063340
4 327 1 1 11746321300354091749
4 328 0 1 5408361990473950532
4 329 2 1 9735653452670998906
4 330 3 1 4324195634733601175
4 331 2 1 9037136744494003310
4 332 3 1 10715330324656609711
4 333 2 1 3474343689175121886
4 334 2 1 5794004792094061662
4 335 0 1 13295581273946061060
4 336 1 1 7292949743142825837
4 337 3 1 10886028626057941279
4 338 2 1 10688849249577735178
4 339 1 1 17297010345160851373
4 340 1 1 13658139148821214513
4 341 1 1 4468290234101910565
4 342 0 1 9583516840381960864
4 343 1 1 2100818272677130469
4 344 0 1 3835407486618772476
4 345 3 1 11687972045781987867
4 346 0 1 2584265809482868424
4 347 3 1 2184370854727222683
4 348 1 1 17762352308671769689
4 349 3 1 10901114407297935135
4 350 1 1 17932666452350314317
4 351 3 1 14800534017102555607
4 352 0 1 16233839909626358812
4 353 0 1 1704089397092793640
4 354 2 1 2891239861334407450
4 355 2 1 18077585692287687954
4 356 2 1 2363047449739120434
4 357 0 1 5904357530901606076
4 358 3 1 16765772907460692007
4 359 2 1 8757786729323486734
4 360 3 1 3706883612695347371
4 361 0 1 14958907430930711064
4 362 0 1 9624134580897548276
4 363 3 1 10298009507777483067
4 364 0 1 5667412839234900228
4 365 3 1 6828701555684071915
4 366 1 1 10482797977665945217
4 367 2 1 13440894740881464138
4 368 1 1 12078258924098889769
4 369 1 1 5740761565098658841
4 370 0 1 13914375003115830180
4 371 2 1 16808960379045776034
4 372 3 1 18421450170384511575
4 373 1 1 16478974619417516521
4 374 0 1 14381565232287562804
4 375 3 1 12792472782420522791
4 376 1 1 6620422687983566193
4 377 1 1 12025299949416885293
4 378 3 1 6046334025019123
4 379 0 1 16769051888439418536
4 380 3 1 10312203372653850423
4 381 1 1 720028297035890629
4 382 3 1 6441255456466558203
4 383 3 1 9874005816230679263
4 384 2 1 15903170012916142038
4 385 3 1 7557768652767625223
4 386 3 1 17626605079857371651
4 387 3 1 9092603716684679963
4 388 2 1 15518831173015579794
4 389 0 1 300798272301981904
4 390 1 1 13762040857722893585
4 391 0 1 3117104080838901168
4 392 1 1 4702649037537941245
4 393 2 1 14408238429167682374
4 394 2 1 17923200330177894118
4 395 1 1 7470538549881440849
4 396 2 1 3664543122474851710
4 397 1 1 17626200978883719521
4 398 3 1 15355649603762884691
4 399 0 1 4749231114166154448
4 400 0 1 11220859020615935192
4 401 3 1 4740127963151294603
4 402 0 1 16616708905207951068
4 403 2 1 9828299274924872726
4 404 2 1 8985762004928355786
4 405 1 1 14578866413196595465
4 406 1 1 11009044264074492189
4 407 1 1 16196760954725621137
4 408 0 1 10725252972011913420
4 409 3 1 4601011175737567235
4 410 1 1 1441938685024169613
4 411 2 1 1896485105672535586
4 412 2 1 6635496128279078494
4 413 0 1 7401072902622950072
4 414 1 1 16075245295895555285
4 415 1 1 11009539992705810569
4 416 1 1 13666961049432909413
4 417 0 1 930044899627839572
4 418 3 1 7899294831116079515
4 419 3 1 7830402010660588539
4 420 1 1 5485720725031791061
4 421 3 1 17051528642209786987
4 422 0 1 7280223907880312904
4 423 2 1 10641556535303807158
4 424 0 1 12639056541805784436
4 425 0 1 12321318600465693220
4 426 1 1 10108223508416203621
4 427 2 1 16243972184205577210
4 428 2 1 8544062083712081766
4 429 3 1 11274622334580836223
4 430 1 1 10844017387984539333
4 431 2 1 14774228730866078526
4 432 3 1 560237794062265107
4 433 3 1 5844494700804214355
4 434 3 1 12270220729021534083
4 435 1 1 8560016492134621125
4 436 2 1 12198417933760222474
4 437 1 1 10133839346494565561
4 438 2 1 9295901871619786454
4 439 3 1 10849442312533122519
4 440 3 1 18021432643418872607
4 441 1 1 10155396024449547909
4 442 0 1 10524212640889309144
4 443 0 1 16662796689072019468
4 444 3 1 965963318619140447
4 445 2 1 8887484786999567242
4 446 3 1 15714444653107301219
4 447 3 1 1678356452623540647
4 448 0 1 11052117692502964420
4 449 3 1 14549914962216724919
4 450 3 1 2062106447906584711
4 451 3 1 9160372737526136799
4 452 3 1 408961132483689555
4 453 1 1 16057982805180036489
4 454 1 1 3569128826873655261
4 455 0 1 9330490631980133992
4 456 3 1 1176328083272936519
4 457 2 1 11222898184704497134
4 458 1 1 9302091588024171405
4 459 2 1 10671057562378043302
4 460 2 1 4098229850247478874
4 461 1 1 8603114141751656125
4 462 1 1 5095034292565071557
4 463 3 1 17972196540767155575
4 464 2 1 17052421619317624598
4 465 0 1 1582078615100434096
4 466 2 1 12012345949788712038
4 467 2 1 16161371278263065802
4 468 2 1 2541771182459136706
4 469 1 1 4555228648728151989
4 470 3 1 8434259952664443907
4 471 3 1 11417314755930316675
4 472 2 1 4859944209493970278
4 473 2 1 3960064386733120970
4 474 0 1 831798891742765072
4 475 1 1 15333350611999607709
4 476 1 1 16195235791627584805
4 477 2 1 11597945977924582290
4 478 2 1 5623573319924035254
4 479 0 1 11517834322140013944
4 480 2 1 4133597640080778846
4 481 1 1 5871425684860123605
4 482 2 1 1689282515842046354
4 483 3 1 12636468992840026995
4 484 3 1 14838814546330146559
4 485 3 1 521771145052581487
4 486 0 1 2880434048302248640
4 487 1 1 8371131723257691693
4 488 2 1 14881811984607317690
4 489 1 1 1324986559026356337
4 490 1 1 15096177686518116013
4 491 3 1 4421234407032663127
4 492 2 1 14405416956529710514
4 493 0 1 3720189381923668652
4 494 2 1 409223713688462738
4 495 1 1 9606291214917499037
4 496 1 1 9223836018030016969
4 497 2 1 190459553092726002
4 498 3 1 12216883190512504355
4 499 0 1 2445407445757699168
4 500 3 1 4632853494959579227
4 501 2 1 13184809158706083946
4 502 3 1 5787237245171889527
4 503 3 1 10294885203231741175
4 504 1 1 4191072920233802133
4 505 3 1 4291939441266046279
4 506 3 1 16375865614446560083
4 507 3 1 8623994097296487259
4 508 2 1 15309273767847758202
4 509 1 1 9397335507036899909
4 510 2 1 6747046333776906674
4 511 2 1 13832845734789247298
4 512 0 1 7019441607318179720
4 513 0 1 10005910351872177492
4 514 2 1 4145022192145704170
4 515 0 1 4353043221960833896
4 516 3 1 8973895156742077167
4 517 1 1 438950987149754489
4 518 1 1 2185272607213603213
4 519 2 1 8466605802960622962
4 520 2 1 12110999198806592422
4 521 0 1 11821045514824268224
4 522 0 1 10878266882585355136
4 523 3 1 11760743717116988087
4 524 2 1 4184976790109698342
4 525 2 1 18330309416210613006
4 526 1 1 1107206443001387417
4 527 2 1 79384941109554222
4 528 2 1 9163366224008952362
4 529 0 1 3321824684344751056
4 530 0 1 3693723307432954164
4 531 0 1 6079394558849393056
4 532 3 1 11401125038466760935
4 533 2 1 3656219353656357222
4 534 1 1 1735342045865967049
4 535 2 1 4042759343240967690
4 536 3 1 12711975181279962687
4 537 0 1 9500297538285176400
4 538 0 1 15298274009373410204
4 539 2 1 9806309365986113958
4 540 1 1 10640867530898511005
4 541 0 1 17462737140104853956
4 542 1 1 4414872795937286161
4 543 3 1 14852747253248972903
4 544 1 1 15278706409822090441
4 545 3 1 6433625831299907179
4 546 1 1 3321907667985685429
4 547 0 1 11390693584827212740
4 548 2 1 11529629266037992234
4 549 3 1 10328859824139248147
4 550 3 1 16428469301035734767
4 551 1 1 17926643922068445985
4 552 2 1 705326063324784242
4 553 0 1 8105287564212541268
4 554 3 1 15433828269766668455
4 555 3 1 3714790519415313767
4 556 3 1 5417718938962187987
4 557 0 1 7847045502609209896
4 558 1 1 8025090526912661197
4 559 1 1 2234136672994823541
4 560 3 1 16041001438425499955
4 561 0 1 10050820915370092068
4 562 0 1 14731208739754682952
4 563 3 1 9320476318639351023
4 564 0 1 14993011533295358880
4 565 3 1 4179632880986595543
4 566 2 1 8947621078428360390
4 567 1 1 14715184767037401701
4 568 1 1 2617407252848328649
4 569 1 1 4818108510694228841
4 570 2 1 3602814087839803186
4 571 1 1 14679368779377024657
4 572 0 1 7354547195052671772
4 573 2 1 453184876960970470
4 574 0 1 15781004944602184656
4 575 1 1 12000277437894508493
4 576 2 1 14990587330205222466
4 577 0 1 13913588124149397652
4 578 1 1 14252160166631667289
4 579 3 1 1532590395334038243
4 580 2 1 10283229111568663870
4 581 2 1 17325140074534683390
4 582 0 1 15829693190940193580
4 583 0 1 7621681592523599724
4 584 0 1 10682206684717316020
4 585 2 1 1847393779801417006
4 586 0 1 3066262069769536156
4 587 3 1 14633662576956154615
4 588 1 1 15324290530255177253
4 589 2 1 14627271171597064522
4 590 0 1 14334883061544405592
4 591 2 1 12329324284039697670
4 592 3 1 14425669906700626239
4 593 2 1 4967072546582904838
4 594 3 1 11336784484312139551
4 595 2 1 9293117687355182150
4 596 3 1 18198595579111618687
4 597 1 1 3236555730692485133
4 598 2 1 3659681352365625914
4 599 0 1 5185822088933195476
4 600 1 1 1820961806679957133
4 601 2 1 5103404090674191862
4 602 0 1 16176358349875499548
4 603 3 1 15699479324816269479
4 604 2 1 6929077312607579230
4 605 2 1 7724671543660786314
4 606 3 1 15226863704421704735
4 607 0 1 10411799650043017788
4 608 2 1 2743533500235068318
4 609 2 1 7917895244279791454
4 610 1 1 9194839772540541837
4 611 2 1 8170679394364395846
4 612 2 1 2830213237197365734
4 613 0 1 7353896603754987224
4 614 3 1 17634372441601249827
4 615 1 1 8515117661105161813
4 616 2 1 5818937363197514778
4 617 1 1 8536843065945835629
4 618 3 1 2920190566549352463
4 619 0 1 4206179361653770600
4 620 0 1 15470355568872211976
4 621 3 1 8427825008315838911
4 622 2 1 5786540713287383830
4 623 3 1 15547153445796060183
4 624 3 1 12329720415526259303
4 625 3 1 5557519966701086911
4 626 2 1 17778904544770937806
4 627 3 1 17514165232876376499
4 628 2 1 17788126989478779154
4 629 1 1 17150186057659184837
4 630 3 1 96482940290395907
4 631 3 1 5391763100021787727
4 632 2 1 13311921842198397018
4 633 0 1 212666859219880844
4 634 2 1 17021563369181645958
4 635 3 1 11336487866339302675
4 636 0 1 9141466969851850320
4 637 1 1 15662548514627491449
4 638 0 1 7860565965198889264
4 639 1 1 13899151565605256321
4 640 2 1 13381351357933618242
4 641 0 1 14888589325358078776
4 642 2 1 8892463471491396086
4 643 3 1 15103645417329254911
4 644 3 1 5461076326426815327
4 645 1 1 1842242118931503497
4 646 1 1 4404875173572687401
4 647 0 1 13971514988681285540
4 648 2 1 17325818256926300242
4 649 1 1 15093194250549176553
4 650 2 1 2037055123708268678
4 651 0 1 16257942776085749532
4 652 0 1 10590700494563920368
4 653 1 1 9510359897405254265
4 654 2 1 14355127120473277462
4 655 2 1 17727696335014918206
4 656 1 1 5852409884542362577
4 657 1 1 15296449745630772621
4 658 2 1 15183080793648581194
4 659 0 1 16672300287494724460
4 660 3 1 13969062191570534211
4 661 0 1 9287911224447475220
4 662 2 1 8201339388669403090
4 663 2 1 6896471492123786378
4 664 0 1 17836899414146968932
4 665 0 1 18212192901661339968
4 666 0 1 13589433629948059304
4 667 1 1 11028761701391980161
4 668 2 1 6774257768766057466
4 669 2 1 12173254712476586450
4 670 3 1 12848080044100037611
4 671 0 1 8528727180962924144
4 672 1 1 1419515180397454273
4 673 1 1 14756964613420120449
4 674 0 1 5897971337265509756
4 675 3 1 7895151636400005603
4 676 0 1 12470640271491881548
4 677 1 1 1601970429693801261
4 678 0 1 15095880759160767112
4 679 3 1 9199134360165595311
4 680 0 1 3011979166743445660
4 681 1 1 12194258846860258337
4 682 2 1 3655956427657893470
4 683 3 1 2336006494839215747
4 684 0 1 14852738832219225696
4 685 2 1 980198724853947166
4 686 3 1 15813714724821744703
4 687 1 1 791599627749143069
4 688 1 1 7348649629500435093
4 689 0 1 15262170387612229708
4 690 2 1 15303522042429377318
4 691 1 1 8425613881574971669
4 692 3 1 15801520478161584059
4 693 3 1 14074339996639769183
4 694 3 1 11257371430211006951
4 695 3 1 13402846107666422911
4 696 1 1 6626174270103647993
4 697 1 1 14681865631183261473
4 698 1 1 4451829808427344249
4 699 3 1 5724496674828323027
4 700 0 1 14972202730373011904
4 701 2 1 11481387700399791014
4 702 1 1 17251674197980054589
4 703 1 1 1838448127446963389
4 704 3 1 1207376433173020767
4 705 3 1 9073502573042965711
4 706 1 1 13838468943242852421
4 707 2 1 5020402172333584866
4 708 3 1 1289816897702617855
4 709 3 1 16074253538753775279
4 710 0 1 2848619861528754568
4 711 3 1 5973640488400207347
4 712 2 1 3071333206607986706
4 713 3 1 12888295794552218363
4 714 3 1 5137015169022219459
4 715 2 1 6855845130657996130
4 716 1 1 13509486497434551605
4 717 1 1 3108141178579225625
4 718 2 1 11547672040624451730
4 719 0 1 8228290404814299648
4 720 3 1 556050802577131935
4 721 3 1 1291564719606180243
4 722 1 1 12244181387410231701
4 723 3 1 278862824664555643
4 724 0 1 15819233907350967248
4 725 1 1 17068340672410761541
4 726 0 1 18086332283553587440
4 727 2 1 315661412098236862
4 728 2 1 2955724640055190386
4 729 2 1 13784171517969596718
4 730 3 1 1290092202280378555
4 731 1 1 16592960356544350813
4 732 3 1 16858716830044052167
4 733 2 1 897800245874941430
4 734 2 1 13540719245109081222
4 735 0 1 1083645675370617492
4 736 3 1 1386604666325681943
4 737 0 1 15322508077521817796
4 738 0 1 17200996622826525908
4 739 3 1 377359248448239623
4 740 3 1 903752203431456047
4 741 2 1 5917034777147383262
4 742 2 1 14427307358937396394
4 743 1 1 7312697203701764121
4 744 1 1 16205567221211754073
4 745 1 1 2397860267640591749
4 746 1 1 7771620645425797965
4 747 3 1 4628927853429026927
4 748 3 1 10814117705525372791
4 749 2 1 1781328114115837238
4 750 2 1 8047892713447387890
4 751 2 1 14325316982420673798
4 752 3 1 307254776259779147
4 753 1 1 18088484138876255865
4 754 2 1 6235903010317883578
4 755 2 1 4576014393928771646
4 756 0 1 11902339501721522128
4 757 2 1 11466077100832512450
4 758 1 1 1320279640819393445
4 759 0 1 7149459462530810516
4 760 1 1 17183597293436304345
4 761 2 1 10494281344202625434
4 762 0 1 15351591175592386700
4 763 2 1 6787100053213878886
4 764 1 1 4662750932232247137
4 765 1 1 9155970812684385713
4 766 1 1 16135661826301908461
4 767 0 1 18304055221177982100
4 768 3 1 9416630457538799891
4 769 0 1 14565714036259547408
4 770 2 1 1567015689328697302
4 771 2 1 6354592639376292074
4 772 0 1 17850376331797597416
4 773 1 1 10659961423006612289
4 774 1 1 17519724454480552469
4 775 2 1 11678126474628634190
4 776 2 1 1758403873368227086
4 777 3 1 15990654484983665543
4 778 3 1 11214965843994241271
4 779 0 1 12011525616758716968
4 780 0 1 10447121228281024024
4 781 1 1 2305551614414338365
4 782 0 1 16044382098030270132
4 783 3 1 12224093843246544395
4 784 0 1 16482020615341119088
4 785 1 1 10963267852467973529
4 786 0 1 17349096433594909876
4 787 3 1 12720620716465149679
4 788 3 1 16276416704186986927
4 789 0 1 9749492746774307320
4 790 1 1 4878537625661881849
4 791 0 1 3596658220251367324
4 792 2 1 1250366616134450842
4 793 1 1 6810591609326569041
4 794 3 1 3598393359978582179
4 795 0 1 12253949833836762468
4 796 2 1 12506534045411421786
4 797 2 1 5579778259811453914
4 798 0 1 9776215669441974360
4 799 2 1 2458400878391347086
4 800 1 1 8348402873370648617
4 801 2 1 7121289029007601878
4 802 0 1 12229263687747326448
4 803 1 1 17037102369907624029
4 804 3 1 4480768498551219639
4 805 2 1 2055333633189980498
4 806 2 1 1996380200405366126
4 807 2 1 16269828220783280610
4 808 0 1 2087527536209518012
4 809 1 1 15824764389964056849
4 810 3 1 2567742633386698867
4 811 3 1 712225451323391987
4 812 3 1 8933753793270353555
4 813 1 1 13585078573555411625
4 814 1 1 867327728114824049
4 815 0 1 7583624842930804212
4 816 0 1 3377553416701167536
4 817 2 1 16921474325853581610
4 818 0 1 16140895111948716532
4 819 2 1 12207578918983470422
4 820 2 1 1646174217514160398
4 821 2 1 1607026980068118758
4 822 2 1 13303437415396801338
4 823 3 1 12587920481280066999
4 824 3 1 13987107713225334715
4 825 0 1 4992520640352863728
4 826 0 1 7263447506959407124
4 827 3 1 5199858030989230147
4 828 1 1 9061431503722510949
4 829 0 1 14400252600937389012
4 830 2 1 5744796948459454394
4 831 0 1 10292591259771880588
4 832 2 1 1721312458226718226
4 833 3 1 16635218433302059851
4 834 0 1 11656534395951367480
4 835 3 1 3706250251522790279
4 836 3 1 13109149372599278855
4 837 3 1 15782623443980200467
4 838 0 1 16550074045325605656
4 839 3 1 8552238076040605299
4 840 2 1 9482885590978036086
4 841 2 1 9671478455262059566
4 842 3 1 10893144584594332227
4 843 3 1 16019322840413540987
4 844 0 1 8296393284743045220
4 845 1 1 17938815114635715205
4 846 1 1 6264829385778688153
4 847 0 1 1851240405679727308
4 848 1 1 8252127944258078957
4 849 0 1 278628055251899660
4 850 3 1 17284352895107447551
4 851 2 1 1917595448595108230
4 852 0 1 4194184253204412852
4 853 0 1 6053135762636289112
4 854 0 1 17829479236593827180
4 855 2 1 17138125122391290546
4 856 1 1 12701771613115087757
4 857 1 1 15851635548108017237
4 858 0 1 15429185374696762248
4 859 0 1 1092543755026054444
4 860 0 1 11339471547318422768
4 861 2 1 5928009338273096310
4 862 2 1 15799438807585898358
4 863 1 1 7759398761882215565
4 864 1 1 6631869218547533701
4 865 2 1 1467136438670102142
4 866 1 1 8634286993913126889
4 867 2 1 1625376813926906406
4 868 0 1 11217810185908857400
4 869 3 1 8625591546392093923
4 870 1 1 17296397694263603933
4 871 2 1 15605747394391364522
4 872 0 1 1662045846911902792
4 873 3 1 17127000247114321803
4 874 0 1 8356660387712428204
4 875 3 1 1918485604873496907
4 876 0 1 2370571666901420648
4 877 3 1 15787385066387380099
4 878 2 1 5464477678597110906
4 879 2 1 11425249858769946518
4 880 1 1 6591019215869863149
4 881 0 1 9479744778601152624
4 882 2 1 15172779966452753614
4 883 0 1 7752719149069356364
4 884 1 1 18415611086810130089
4 885 1 1 17283471393219112121
4 886 1 1 12355267205606811577
4 887 0 1 635145025396992592
4 888 0 1 5396237116775390812
4 889 3 1 3552831403988064335
4 890 3 1 14168163303014268947
4 891 2 1 12627213986475551446
4 892 1 1 15759311136550812405
4 893 0 1 1626935584364203400
4 894 0 1 9310496835576179512
4 895 3 1 6245520276975783671
4 896 2 1 7024663181048246622
4 897 0 1 3427477009023336836
4 898 0 1 2933969795091320036
4 899 3 1 2151226409008220811
4 900 0 1 11539738627618492576
4 901 1 1 13725329897058492021
4 902 1 1 7498965915916310645
4 903 3 1 10290852052645224423
4 904 1 1 6604848973131369881
4 905 2 1 15811231974215060058
4 906 3 1 2271887981598533043
4 907 2 1 3594314518191525754
4 908 2 1 17149519013436525742
4 909 2 1 8679304823079730570
4 910 3 1 13578822930296496311
4 911 1 1 7091768012700047649
4 912 3 1 3785057672906901675
4 913 2 1 4236181286844492290
4 914 0 1 8508302517230928544
4 915 3 1 7300358184937218339
4 916 1 1 12384908352232692669
4 917 1 1 12492744495972933877
4 918 3 1 7314891822313963191
4 919 2 1 8324938997494297354
4 920 3 1 5209197900603935779
4 921 1 1 2658432712832078185
4 922 1 1 5318876851637134397
4 923 3 1 16575705827128833203
4 924 3 1 10064850062465251207
4 925 0 1 4212292470574654048
4 926 1 1 14980416404180533629
4 927 1 1 16757608328210085737
4 928 2 1 2318174214965864870
4 929 1 1 11090483489978208173
4 930 3 1 4454423999516879015
4 931 1 1 16112997200825396525
4 932 1 1 6280448590284782941
4 933 1 1 9633346215123474089
4 934 0 1 4043276543108671776
4 935 0 1 5617487009102249240
4 936 2 1 5876783769254797390
4 937 3 1 12282204452000419979
4 938 0 1 11539547785106538148
4 939 0 1 7026195643862072596
4 940 2 1 3299214246762090106
4 941 3 1 12374300965992954143
4 942 3 1 6758847474999357295
4 943 0 1 15792537753857445948
4 944 2 1 17507047352822497538
4 945 3 1 12191874001355785115
4 946 0 1 13766936657810901564
4 947 1 1 6187579338224863221
4 948 3 1 575235837446271943
4 949 0 1 3941374392937187760
4 950 0 1 12518650711486048524
4 951 3 1 4818749123633553555
4 952 1 1 2958342177660858065
4 953 3 1 3745796037585186959
4 954 1 1 9797933292464336113
4 955 0 1 15543349084849553232
4 956 0 1 486551758244958240
4 957 3 1 10593020500469347495
4 958 3 1 6369600516659338451
4 959 2 1 9007750655643717510
4 960 1 1 17785627354791621201
4 961 1 1 14764033308265707661
4 962 2 1 18034000857235843178
4 963 0 1 16557096199299614580
4 964 0 1 2437200641143386748
4 965 0 1 10182421626449994068
4 966 0 1 75625115684404924
4 967 2 1 6127271793307871498
4 968 3 1 11214820889151820355
4 969 3 1 12416802602799347959
4 970 1 1 1548125927064443941
4 971 3 1 10690183998159090903
4 972 3 1 10911454061780779591
4 973 2 1 17091566498439379262
4 974 1 1 13151991451832194121
4 975 1 1 11968421298731076421
4 976 0 1 7281465657596491640
4 977 3 1 16882855184145485567
4 978 2 1 16502249339396824566
4 979 3 1 3454458562438881671
4 980 3 1 5912850829099334963
4 981 2 1 5330146666763391722
4 982 1 1 8451916490946969729
4 983 1 1 6215268879167456629
4 984 0 1 9983414677725534452
4 985 2 1 1533824374095340090
4 986 3 1 11273301590638124495
4 987 1 1 888171466822353933
4 988 3 1 12600073355339343855
4 989 0 1 10435556484299784260
4 990 2 1 4932808928766631330
4 991 2 1 15166592873301253506
4 992 3 1 6396823673282492139
4 993 3 1 14209064470829046875
4 994 3 1 6577114328647476307
4 995 2 1 1197590027279852334
4 996 2 1 17587678522946712038
4 997 0 1 15126029715399578860
4 998 3 1 57675930565383847
4 999 1 1 10193180073869439881
5 0 4 1 14514284786278117030
5 1 2 1 4620546740167642908
5 2 3 1 13109570281517897720
5 3 1 1 17462938647148434322
5 4 3 1 355488278567739596
5 5 0 1 7469126240319926998
5 6 4 1 4635995468481642529
5 7 0 1 418970542659199878
5 8 0 1 9604170989252516556
5 9 2 1 6358044926049913402
5 10 0 1 5058016125798318033
5 11 1 1 10349215569089701407
5 12 4 1 2583272014892537200
5 13 3 1 10032373690199166667
5 14 0 1 9627645531742285868
5 15 0 1 15810285301089087632
5 16 3 1 9219209713614924562
5 17 1 1 7736011505917826031
5 18 1 1 13729552270962724157
5 19 3 1 4596340717661012313
5 20 0 1 4413874586873285858
5 21 1 1 5904155143473820934
5 22 1 1 16795776195466785825
5 23 1 1 3040631852046752166
5 24 0 1 4529279813148173111
5 25 3 1 3658352497551999605
5 26 2 1 13205889818278417278
5 27 0 1 17853215078830450730
5 28 0 1 14193508720503142180
5 29 4 1 1488787817663097441
5 30 3 1 8484116316263611556
5 31 1 1 4745643133208116498
5 32 3 1 14333959900198994173
5 33 0 1 10770733876927207790
5 34 2 1 17529942701849009476
5 35 3 1 8081518017574486547
5 36 0 1 5945178879512507902
5 37 2 1 9821139136195250096
5 38 4 1 4728986788662773602
5 39 4 1 840062144447779464
5 40 2 1 9315169977352719788
5 41 0 1 12843335216705846126
5 42 3 1 1682692516156909696
5 43 3 1 16733405176195045732
5 44 2 1 570275675392078508
5 45 2 1 2804578118555336986
5 46 1 1 18105853946332827420
5 47 4 1 11444576169427052165
5 48 4 1 5511269538150904327
5 49 2 1 6665263661402689669
5 50 2 1 8872308438533970361
5 51 3 1 5494304472256329401
5 52 0 1 5260777597240341458
5 53 1 1 17048363385688465216
5 54 2 1 11601203342555724204
5 55 2 1 13927871433293278342
5 56 0 1 13168989862813642697
5 57 0 1 13332527631701716084
5 58 4 1 1288265801825883165
5 59 3 1 8980511589347843149
5 60 4 1 1639193574298669424
5 61 0 1 14012553476551396225
5 62 2 1 7818048564976445173
5 63 1 1 11012385938523194722
5 64 3 1 1594098091654903511
5 65 2 1 5035242355473277827
5 66 3 1 11507220397369885600
5 67 1 1 4097669440061230013
5 68 3 1 4158775797243890311
5 69 0 1 8008476757622511610
5 70 2 1 18212599999684195413
5 71 3 1 3892070972454396029
5 72 3 1 15739033291548026583
5 73 1 1 5240984520368774617
5 74 4 1 15428220128146522508
5 75 1 1 6764778500174078837
5 76 3 1 17250425930626079997
5 77 4 1 15862445320841941901
5 78 0 1 9055707723866709616
5 79 2 1 407278260229756649
5 80 3 1 6679883267401891436
5 81 3 1 13585010976506536654
5 82 2 1 9580697194899010248
5 83 3 1 7802093638911637786
5 84 0 1 535562807229422763
5 85 3 1 16772549087470588412
5 86 4 1 2069348082463192648
5 87 0 1 18080878539236249869
5 88 4 1 12688200000096479737
5 89 3 1 8989665349769173357
5 90 4 1 13575112928849473200
5 91 4 1 10859033464356012248
5 92 0 1 9748216112997718693
5 93 0 1 8405158063935141693
5 94 3 1 15279502632583570477
5 95 3 1 16055899490125284200
5 96 2 1 9066388900883848980
5 97 1 1 17884680971936629565
5 98 4 1 16395391805201036549
5 99 0 1 2550532686790805254
5 100 0 1 8052938288948613298
5 101 2 1 6344035301348514175
5 102 1 1 2193824757648316037
5 103 3 1 10113332896580941759
5 104 2 1 14001553499759966766
5 105 3 1 597702890888347204
5 106 0 1 1874324574384293454
5 107 4 1 10826913572691111562
5 108 4 1 12821185545071087721
5 109 3 1 14606566723149387105
5 110 3 1 15679487422249894303
5 111 0 1 16146086267469614290
5 112 3 1 11169330698794304272
5 113 1 1 17590151747242102595
5 114 2 1 18278229723818623796
5 115 1 1 15994633360516603469
5 116 4 1 11881756471423721131
5 117 4 1 11153906733009525059
5 118 2 1 16836145075420168747
5 119 2 1 8614597919830747987
5 120 4 1 1459907787369619658
5 121 3 1 16682004712721580156
5 122 4 1 15261848763679157527
5 123 3 1 2717413695111288049
5 124 0 1 14889665525641206303
5 125 1 1 12338480473037317818
5 126 4 1 2557597240994564872
5 127 0 1 12402353581130313583
5 128 1 1 15355546302939095474
5 129 4 1 17651033590338072704
5 130 0 1 11616809212196625943
5 131 3 1 6561978461173088746
5 132 3 1 5962436378610109024
5 133 3 1 1168012300494473422
5 134 4 1 5175053317267933097
5 135 3 1 4740525681678845797
5 136 1 1 1614376253554691208
5 137 4 1 1358027693590031708
5 138 3 1 1856992378370522222
5 139 2 1 2410813678132517023
5 140 4 1 11582456654366157909
5 141 4 1 5754940895753314317
5 142 2 1 17548218371729667895
5 143 0 1 17945642044770404276
5 144 4 1 3721164045489467070
5 145 3 1 13394551493150992827
5 146 4 1 12475264300415171883
5 147 3 1 10462606688633056562
5 148 0 1 13251365510693735175
5 149 0 1 3876338822302790600
5 150 0 1 13771801863059799470
5 151 0 1 13815564444636394855
5 152 3 1 16495110748802246170
5 153 1 1 2156091871580385249
5 154 3 1 12069080176326280986
5 155 0 1 489805578737239572
5 156 0 1 5271183164515543116
5 157 4 1 11286401144444756863
5 158 0 1 6746000579485080744
5 159 0 1 5186625150343537151
5 160 3 1 13119883039086991857
5 161 4 1 16025170396082521338
5 162 1 1 2259331576759215945
5 163 1 1 16362343102415556603
5 164 2 1 10982898132796723193
5 165 1 1 14666888772828547003
5 166 2 1 10462483830193419334
5 167 2 1 18236154274104239589
5 168 3 1 17759599582309981676
5 169 1 1 9339512652453242670
5 170 4 1 14635458573977612405
5 171 0 1 13273192362623128494
5 172 1 1 7419053614262815071
5 173 3 1 2139880725825605974
5 174 2 1 15336265650071823816
5 175 4 1 6291952205449675957
5 176 2 1 14977329074317573394
5 177 3 1 4364768269648744391
5 178 0 1 17232241565077788317
5 179 4 1 8450549923677533764
5 180 1 1 15732483035355013039
5 181 4 1 13831185231495622915
5 182 1 1 6819123640184841760
5 183 2 1 11886944798543888851
5 184 1 1 10879889186777890996
5 185 0 1 15555433551230813341
5 186 0 1 105259452319848079
5 187 2 1 3441909642659419332
5 188 1 1 5480947869602487239
5 189 1 1 6247709904124292706
5 190 0 1 13391610271247915041
5 191 4 1 18346462037123761313
5 192 0 1 16636317150577797347
5 193 2 1 14149179703416851896
5 194 1 1 2376171948756359367
5 195 4 1 5152472389910152792
5 196 3 1 2368047066677070121
5 197 3 1 16396163399604156946
5 198 1 1 14864288050288048653
5 199 3 1 7393398358587456124
5 200 2 1 9728143941576351989
5 201 0 1 5481913815176021747
5 202 0 1 16927964714362701213
5 203 4 1 14993236783745363262
5 204 4 1 9552302871570670457
5 205 3 1 11071069341174528295
5 206 1 1 15381321939083200837
5 207 2 1 8816171210895558106
5 208 1 1 6071991122052964372
5 209 0 1 10925078611503375837
5 210 0 1 15239629154712277871
5 211 3 1 8615167154188153180
5 212 1 1 4917230293625512515
5 213 4 1 14895742215835130464
5 214 3 1 2359753755290725009
5 215 3 1 6783321469015983851
5 216 4 1 360705462143558065
5 217 3 1 2287732638733919300
5 218 2 1 2984153050512747353
5 219 4 1 8021412450653308816
5 220 1 1 12759258587083258672
5 221 2 1 1585563973173997547
5 222 0 1 18209504305389149669
5 223 0 1 11416757620121532143
5 224 3 1 6846989578536141166
5 225 1 1 4365862612957164362
5 226 4 1 2931876801952518067
5 227 0 1 680191398818283694
5 228 2 1 1834352496547951770
5 229 4 1 12616538556720116808
5 230 4 1 17563613795929063197
5 231 3 1 14519515363534791688
5 232 0 1 4349527158980778739
5 233 1 1 6714794984698083967
5 234 3 1 6696141578113299617
5 235 1 1 17231874453010340947
5 236 3 1 18425812703539835928
5 237 1 1 3707544366662920973
5 238 4 1 10197276740411893574
5 239 1 1 12864434420502416888
5 240 2 1 12767250491273234520
5 241 4 1 1588549204908870909
5 242 3 1 6610295429674120152
5 243 1 1 5281895767268096036
5 244 4 1 1739897672032589486
5 245 0 1 17406469206626426854
5 246 1 1 8710378533013875691
5 247 0 1 9587926405039941516
5 248 3 1 2805299725371867574
5 249 3 1 7146901261023555807
5 250 3 1 1825062423171923931
5 251 3 1 3049052876249887095
5 252 0 1 10771741767689142181
5 253 4 1 8733642741329011601
5 254 1 1 11979515434717210935
5 255 3 1 10043245691272652957
5 256 1 1 5830279975302858953
5 257 2 1 17190113074333440499
5 258 2 1 18260575806620923460
5 259 1 1 14335648769917655401
5 260 1 1 4153816861017702156
5 261 0 1 14590500750979768984
5 262 4 1 810991542442466488
5 263 0 1 7089785717813579612
5 264 4 1 12357837562747114001
5 265 0 1 5554121432788679660
5 266 0 1 5931025703748246718
5 267 2 1 2097835176693352889
5 268 3 1 12745618408404359587
5 269 3 1 6090924568528767236
5 270 0 1 14734637834598564704
5 271 3 1 14439652293742648615
5 272 2 1 132405348116615733
5 273 4 1 13869945305505934743
5 274 3 1 7372953811704808036
5 275 4 1 7756437368369298361
5 276 1 1 3794582695199039623
5 277 3 1 12917619229835701974
5 278 4 1 14320084076906478671
5 279 1 1 2606626751703588462
5 280 1 1 3137561743724131360
5 281 2 1 13808802441028589896
5 282 1 1 14231944027275971054
5 283 2 1 16852581317945783254
5 284 4 1 10323673491841952054
5 285 2 1 2313335010769237820
5 286 2 1 13955532667350441768
5 287 0 1 5747153089934705338
5 288 1 1 13377135145695875091
5 289 2 1 6830230899286657495
5 290 3 1 81856298782858401
5 291 0 1 1754724887913860152
5 292 1 1 13750479713795882912
5 293 4 1 11120120136303124367
5 294 2 1 15046307382468953177
5 295 1 1 3696979254055818020
5 296 3 1 15352898388246644384
5 297 2 1 1024778962410818770
5 298 4 1 2388728043318081123
5 299 4 1 6871857727931721608
5 300 1 1 17721619206096294273
5 301 0 1 10585202864517959301
5 302 4 1 10898249199547365704
5 303 4 1 9663430180652362739
5 304 2 1 1737102419936989910
5 305 1 1 5117227310201589790
5 306 0 1 16884367896390523102
5 307 4 1 10498150099412419335
5 308 1 1 1921007855220546564
5 309 4 1 7643484074408755248
5 310 3 1 11318429053286342939
5 311 3 1 1370093900783164344
5 312 4 1 6776537281339823025
5 313 0 1 3450492372588984223
5 314 3 1 9401014545757436331
5 315 0 1 7896519943553875907
5 316 1 1 14303443932332314010
5 317 4 1 281238069833157985
5 318 4 1 9628364435514671685
5 319 1 1 1035647896705322917
5 320 2 1 940113500519447970
5 321 2 1 12858978713386075837
5 322 2 1 2103046007104782505
5 323 2 1 1170332608028903179
5 324 1 1 6569179731999105361
5 325 3 1 9795365446060253382
5 326 2 1 3663276878692063340
5 327 4 1 11746321300354091749
5 328 1 1 5408361990473950532
5 329 3 1 9735653452670998906
5 330 4 1 4324195634733601175
5 331 0 1 9037136744494003310
5 332 2 1 10715330324656609711
5 333 2 1 3474343689175121886
5 334 0 1 5794004792094061662
5 335 3 1 13295581273946061060
5 336 4 1 7292949743142825837
5 337 4 1 10886028626057941279
5 338 3 1 10688849249577735178
5 339 4 1 17297010345160851373
5 340 0 1 13658139148821214513
5 341 1 1 4468290234101910565
5 342 2 1 9583516840381960864
5 343 3 1 2100818272677130469
5 344 3 1 3835407486618772476
5 345 2 1 11687972045781987867
5 346 3 1 2584265809482868424
5 347 0 1 2184370854727222683
5 348 4 1 17762352308671769689
5 349 4 1 10901114407297935135
5 350 2 1 17932666452350314317
5 351 3 1 14800534017102555607
5 352 0 1 16233839909626358812
5 353 0 1 1704089397092793640
5 354 4 1 2891239861334407450
5 355 2 1 18077585692287687954
5 356 3 1 2363047449739120434
5 357 1 1 5904357530901606076
5 358 1 1 16765772907460692007
5 359 0 1 8757786729323486734
5 360 2 1 3706883612695347371
5 361 2 1 14958907430930711064
5 362 0 1 9624134580897548276
5 363 0 1 10298009507777483067
5 364 1 1 5667412839234900228
5 365 2 1 6828701555684071915
5 366 2 1 10482797977665945217
5 367 4 1 13440894740881464138
5 368 2 1 12078258924098889769
5 369 1 1 5740761565098658841
5 370 0 1 13914375003115830180
5 371 1 1 16808960379045776034
5 372 1 1 18421450170384511575
5 373 1 1 16478974619417516521
5 374 3 1 14381565232287562804
5 375 4 1 12792472782420522791
5 376 3 1 6620422687983566193
5 377 1 1 12025299949416885293
5 378 4 1 6046334025019123
5 379 3 1 16769051888439418536
5 380 3 1 10312203372653850423
5 381 4 1 720028297035890629
5 382 4 1 6441255456466558203
5 383 3 1 9874005816230679263
5 384 1 1 15903170012916142038
5 385 0 1 7557768652767625223
5 386 0 1 17626605079857371651
5 387 4 1 9092603716684679963
5 388 3 1 15518831173015579794
5 389 1 1 300798272301981904
5 390 4 1 13762040857722893585
5 391 2 1 3117104080838901168
5 392 1 1 4702649037537941245
5 393 1 1 14408238429167682374
5 394 1 1 17923200330177894118
5 395 0 1 7470538549881440849
5 396 4 1 3664543122474851710
5 397 0 1 17626200978883719521
5 398 4 1 15355649603762884691
5 399 0 1 4749231114166154448
5 400 0 1 11220859020615935192
5 401 3 1 4740127963151294603
5 402 4 1 16616708905207951068
5 403 1 1 9828299274924872726
5 404 1 1 8985762004928355786
5 405 3 1 14578866413196595465
5 406 0 1 11009044264074492189
5 407 0 1 16196760954725621137
5 408 4 1 10725252972011913420
5 409 2 1 4601011175737567235
5 410 0 1 1441938685024169613
5 411 4 1 1896485105672535586
5 412 2 1 6635496128279078494
5 413 3 1 7401072902622950072
5 414 0 1 16075245295895555285
5 415 4 1 11009539992705810569
5 416 4 1 13666961049432909413
5 417 3 1 930044899627839572
5 418 4 1 7899294831116079515
5 419 1 1 7830402010660588539
5 420 1 1 5485720725031791061
5 421 0 1 17051528642209786987
5 422 2 1 7280223907880312904
5 423 2 1 10641556535303807158
5 424 4 1 12639056541805784436
5 425 2 1 12321318600465693220
5 426 3 1 10108223508416203621
5 427 0 1 16243972184205577210
5 428 1 1 8544062083712081766
5 429 0 1 11274622334580836223
5 430 1 1 10844017387984539333
5 431 4 1 14774228730866078526
5 432 0 1 560237794062265107
5 433 0 1 5844494700804214355
5 434 0 1 12270220729021534083
5 435 2 1 8560016492134621125
5 436 0 1 12198417933760222474
5 437 3 1 10133839346494565561
5 438 0 1 9295901871619786454
5 439 4 1 10849442312533122519
5 440 4 1 18021432643418872607
5 441 4 1 10155396024449547909
5 442 0 1 10524212640889309144
5 443 0 1 16662796689072019468
5 444 1 1 965963318619140447
5 445 2 1 8887484786999567242
5 446 1 1 15714444653107301219
5 447 0 1 1678356452623540647
5 448 0 1 11052117692502964420
5 449 3 1 14549914962216724919
5 450 2 1 2062106447906584711
5 451 2 1 9160372737526136799
5 452 3 1 408961132483689555
5 453 1 1 16057982805180036489
5 454 0 1 3569128826873655261
5 455 2 1 9330490631980133992
5 456 3 1 1176328083272936519
5 457 0 1 11222898184704497134
5 458 3 1 9302091588024171405
5 459 3 1 10671057562378043302
5 460 4 1 4098229850247478874
5 461 0 1 8603114141751656125
5 462 3 1 5095034292565071557
5 463 2 1 17972196540767155575
5 464 2 1 17052421619317624598
5 465 1 1 1582078615100434096
5 466 1 1 12012345949788712038
5 467 0 1 16161371278263065802
5 468 2 1 2541771182459136706
5 469 1 1 4555228648728151989
5 470 2 1 8434259952664443907
5 471 2 1 11417314755930316675
5 472 2 1 4859944209493970278
5 473 0 1 3960064386733120970
5 474 1 1 831798891742765072
5 475 1 1 15333350611999607709
5 476 2 1 16195235791627584805
5 477 0 1 11597945977924582290
5 478 3 1 5623573319924035254
5 479 3 1 11517834322140013944
5 480 0 1 4133597640080778846
5 481 1 1 5871425684860123605
5 482 2 1 1689282515842046354
5 483 0 1 12636468992840026995
5 484 4 1 14838814546330146559
5 485 2 1 521771145052581487
5 486 2 1 2880434048302248640
5 487 1 1 8371131723257691693
5 488 0 1 14881811984607317690
5 489 1 1 1324986559026356337
5 490 2 1 15096177686518116013
5 491 3 1 4421234407032663127
5 492 0 1 14405416956529710514
5 493 1 1 3720189381923668652
5 494 3 1 409223713688462738
5 495 3 1 9606291214917499037
5 496 0 1 9223836018030016969
5 497 1 1 190459553092726002
5 498 3 1 12216883190512504355
5 499 2 1 2445407445757699168
5 500 0 1 4632853494959579227
5 501 4 1 13184809158706083946
5 502 3 1 5787237245171889527
5 503 1 1 10294885203231741175
5 504 3 1 4191072920233802133
5 505 3 1 4291939441266046279
5 506 2 1 16375865614446560083
5 507 2 1 8623994097296487259
5 508 1 1 15309273767847758202
5 509 3 1 9397335507036899909
5 510 3 1 6747046333776906674
5 511 4 1 13832845734789247298
5 512 2 1 7019441607318179720
5 513 2 1 10005910351872177492
5 514 4 1 4145022192145704170
5 515 1 1 4353043221960833896
5 516 2 1 8973895156742077167
5 517 4 1 438950987149754489
5 518 3 1 2185272607213603213
5 519 3 1 8466605802960622962
5 520 3 1 12110999198806592422
5 521 4 1 11821045514824268224
5 522 0 1 10878266882585355136
5 523 2 1 11760743717116988087
5 524 3 1 4184976790109698342
5 525 3 1 18330309416210613006
5 526 3 1 1107206443001387417
5 527 4 1 79384941109554222
5 528 4 1 9163366224008952362
5 529 1 1 3321824684344751056
5 530 0 1 3693723307432954164
5 531 0 1 6079394558849393056
5 532 0 1 11401125038466760935
5 533 2 1 3656219353656357222
5 534 2 1 1735342045865967049
5 535 0 1 4042759343240967690
5 536 2 1 12711975181279962687
5 537 3 1 9500297538285176400
5 538 1 1 15298274009373410204
5 539 2 1 9806309365986113958
5 540 1 1 10640867530898511005
5 541 1 1 17462737140104853956
5 542 3 1 4414872795937286161
5 543 0 1 14852747253248972903
5 544 2 1 15278706409822090441
5 545 1 1 6433625831299907179
5 546 2 1 3321907667985685429
5 547 0 1 11390693584827212740
5 548 0 1 11529629266037992234
5 549 0 1 10328859824139248147
5 550 3 1 16428469301035734767
5 551 4 1 17926643922068445985
5 552 1 1 705326063324784242
5 553 2 1 8105287564212541268
5 554 0 1 15433828269766668455
5 555 3 1 3714790519415313767
5 556 3 1 5417718938962187987
5 557 0 1 7847045502609209896
5 558 3 1 8025090526912661197
5 559 2 1 2234136672994823541
5 560 3 1 16041001438425499955
5 561 4 1 10050820915370092068
5 562 3 1 14731208739754682952
5 563 2 1 9320476318639351023
5 564 3 1 14993011533295358880
5 565 4 1 4179632880986595543
5 566 4 1 8947621078428360390
5 567 3 1 14715184767037401701
5 568 1 1 2617407252848328649
5 569 3 1 4818108510694228841
5 570 0 1 3602814087839803186
5 571 1 1 14679368779377024657
5 572 1 1 7354547195052671772
5 573 2 1 453184876960970470
5 574 3 1 15781004944602184656
5 575 4 1 12000277437894508493
5 576 4 1 14990587330205222466
5 577 2 1 13913588124149397652
5 578 0 1 14252160166631667289
5 579 1 1 1532590395334038243
5 580 4 1 10283229111568663870
5 581 4 1 17325140074534683390
5 582 2 1 15829693190940193580
5 583 4 1 7621681592523599724
5 584 0 1 10682206684717316020
5 585 4 1 1847393779801417006
5 586 1 1 3066262069769536156
5 587 4 1 14633662576956154615
5 588 3 1 15324290530255177253
5 589 3 1 14627271171597064522
5 590 4 1 14334883061544405592
5 591 4 1 12329324284039697670
5 592 2 1 14425669906700626239
5 593 0 1 4967072546582904838
5 594 2 1 11336784484312139551
5 595 3 1 9293117687355182150
5 596 1 1 18198595579111618687
5 597 4 1 3236555730692485133
5 598 4 1 3659681352365625914
5 599 4 1 5185822088933195476
5 600 2 1 1820961806679957133
5 601 1 1 5103404090674191862
5 602 2 1 16176358349875499548
5 603 1 1 15699479324816269479
5 604 3 1 6929077312607579230
5 605 2 1 7724671543660786314
5 606 0 1 15226863704421704735
5 607 0 1 10411799650043017788
5 608 3 1 2743533500235068318
5 609 0 1 7917895244279791454
5 610 2 1 9194839772540541837
5 611 2 1 8170679394364395846
5 612 3 1 2830213237197365734
5 613 3 1 7353896603754987224
5 614 0 1 17634372441601249827
5 615 4 1 8515117661105161813
5 616 3 1 5818937363197514778
5 617 4 1 8536843065945835629
5 618 1 1 2920190566549352463
5 619 0 1 4206179361653770600
5 620 3 1 15470355568872211976
5 621 1 1 8427825008315838911
5 622 4 1 5786540713287383830
5 623 3 1 15547153445796060183
5 624 2 1 12329720415526259303
5 625 4 1 5557519966701086911
5 626 3 1 17778904544770937806
5 627 1 1 17514165232876376499
5 628 1 1 17788126989478779154
5 629 2 1 17150186057659184837
5 630 0 1 96482940290395907
5 631 0 1 5391763100021787727
5 632 3 1 13311921842198397018
5 633 3 1 212666859219880844
5 634 1 1 17021563369181645958
5 635 3 1 11336487866339302675
5 636 2 1 9141466969851850320
5 637 4 1 15662548514627491449
5 638 0 1 7860565965198889264
5 639 1 1 13899151565605256321
5 640 3 1 13381351357933618242
5 641 3 1 14888589325358078776
5 642 3 1 8892463471491396086
5 643 0 1 15103645417329254911
5 644 0 1 5461076326426815327
5 645 1 1 1842242118931503497
5 646 4 1 4404875173572687401
5 647 3 1 13971514988681285540
5 648 2 1 17325818256926300242
5 649 0 1 15093194250549176553
5 650 3 1 2037055123708268678
5 651 0 1 16257942776085749532
5 652 4 1 10590700494563920368
5 653 1 1 9510359897405254265
5 654 0 1 14355127120473277462
5 655 0 1 17727696335014918206
5 656 1 1 5852409884542362577
5 657 4 1 15296449745630772621
5 658 4 1 15183080793648581194
5 659 0 1 16672300287494724460
5 660 1 1 13969062191570534211
5 661 2 1 9287911224447475220
5 662 3 1 8201339388669403090
5 663 2 1 6896471492123786378
5 664 1 1 17836899414146968932
5 665 3 1 18212192901661339968
5 666 4 1 13589433629948059304
5 667 3 1 11028761701391980161
5 668 2 1 6774257768766057466
5 669 0 1 12173254712476586450
5 670 1 1 12848080044100037611
5 671 0 1 8528727180962924144
5 672 0 1 1419515180397454273
5 673 1 1 14756964613420120449
5 674 3 1 5897971337265509756
5 675 1 1 7895151636400005603
5 676 0 1 12470640271491881548
5 677 1 1 1601970429693801261
5 678 3 1 15095880759160767112
5 679 0 1 9199134360165595311
5 680 0 1 3011979166743445660
5 681 0 1 12194258846860258337
5 682 1 1 3655956427657893470
5 683 3 1 2336006494839215747
5 684 1 1 14852738832219225696
5 685 0 1 980198724853947166
5 686 4 1 15813714724821744703
5 687 4 1 791599627749143069
5 688 1 1 7348649629500435093
5 689 4 1 15262170387612229708
5 690 1 1 15303522042429377318
5 691 1 1 8425613881574971669
5 692 3 1 15801520478161584059
5 693 2 1 14074339996639769183
5 694 4 1 11257371430211006951
5 695 0 1 13402846107666422911
5 696 1 1 6626174270103647993
5 697 4 1 14681865631183261473
5 698 3 1 4451829808427344249
5 699 1 1 5724496674828323027
5 700 3 1 14972202730373011904
5 701 1 1 11481387700399791014
5 702 3 1 17251674197980054589
5 703 4 1 1838448127446963389
5 704 0 1 1207376433173020767
5 705 1 1 9073502573042965711
5 706 1 1 13838468943242852421
5 707 0 1 5020402172333584866
5 708 2 1 1289816897702617855
5 709 3 1 16074253538753775279
5 710 4 1 2848619861528754568
5 711 4 1 5973640488400207347
5 712 1 1 3071333206607986706
5 713 2 1 12888295794552218363
5 714 1 1 5137015169022219459
5 715 2 1 6855845130657996130
5 716 3 1 13509486497434551605
5 717 0 1 3108141178579225625
5 718 4 1 11547672040624451730
5 719 0 1 8228290404814299648
5 720 1 1 556050802577131935
5 721 4 1 1291564719606180243
5 722 2 1 12244181387410231701
5 723 4 1 278862824664555643
5 724 3 1 15819233907350967248
5 725 4 1 17068340672410761541
5 726 4 1 18086332283553587440
5 727 3 1 315661412098236862
5 728 2 1 2955724640055190386
5 729 3 1 13784171517969596718
5 730 4 1 1290092202280378555
5 731 4 1 16592960356544350813
5 732 3 1 16858716830044052167
5 733 0 1 897800245874941430
5 734 1 1 13540719245109081222
5 735 0 1 1083645675370617492
5 736 4 1 1386604666325681943
5 737 0 1 15322508077521817796
5 738 0 1 17200996622826525908
5 739 3 1 377359248448239623
5 740 1 1 903752203431456047
5 741 3 1 5917034777147383262
5 742 2 1 14427307358937396394
5 743 3 1 7312697203701764121
5 744 4 1 16205567221211754073
5 745 2 1 2397860267640591749
5 746 0 1 7771620645425797965
5 747 2 1 4628927853429026927
5 748 4 1 10814117705525372791
5 749 1 1 1781328114115837238
5 750 2 1 8047892713447387890
5 751 2 1 14325316982420673798
5 752 1 1 307254776259779147
5 753 3 1 18088484138876255865
5 754 3 1 6235903010317883578
5 755 3 1 4576014393928771646
5 756 0 1 11902339501721522128
5 757 2 1 11466077100832512450
5 758 2 1 1320279640819393445
5 759 2 1 7149459462530810516
5 760 0 1 17183597293436304345
5 761 0 1 10494281344202625434
5 762 2 1 15351591175592386700
5 763 4 1 6787100053213878886
5 764 3 1 4662750932232247137
5 765 2 1 9155970812684385713
5 766 3 1 16135661826301908461
5 767 3 1 18304055221177982100
5 768 2 1 9416630457538799891
5 769 1 1 14565714036259547408
5 770 2 1 1567015689328697302
5 771 1 1 6354592639376292074
5 772 3 1 17850376331797597416
5 773 2 1 10659961423006612289
5 774 1 1 17519724454480552469
5 775 3 1 11678126474628634190
5 776 3 1 1758403873368227086
5 777 0 1 15990654484983665543
5 778 0 1 11214965843994241271
5 779 3 1 12011525616758716968
5 780 4 1 10447121228281024024
5 781 1 1 2305551614414338365
5 782 4 1 16044382098030270132
5 783 3 1 12224093843246544395
5 784 2 1 16482020615341119088
5 785 3 1 10963267852467973529
5 786 2 1 17349096433594909876
5 787 0 1 12720620716465149679
5 788 3 1 16276416704186986927
5 789 2 1 9749492746774307320
5 790 2 1 4878537625661881849
5 791 2 1 3596658220251367324
5 792 0 1 1250366616134450842
5 793 0 1 6810591609326569041
5 794 0 1 3598393359978582179
5 795 0 1 12253949833836762468
5 796 3 1 12506534045411421786
5 797 3 1 5579778259811453914
5 798 4 1 9776215669441974360
5 799 4 1 2458400878391347086
5 800 2 1 8348402873370648617
5 801 1 1 7121289029007601878
5 802 4 1 12229263687747326448
5 803 3 1 17037102369907624029
5 804 2 1 4480768498551219639
5 805 3 1 2055333633189980498
5 806 0 1 1996380200405366126
5 807 3 1 16269828220783280610
5 808 4 1 2087527536209518012
5 809 2 1 15824764389964056849
5 810 0 1 2567742633386698867
5 811 1 1 712225451323391987
5 812 4 1 8933753793270353555
5 813 1 1 13585078573555411625
5 814 0 1 867327728114824049
5 815 2 1 7583624842930804212
5 816 4 1 3377553416701167536
5 817 4 1 16921474325853581610
5 818 0 1 16140895111948716532
5 819 0 1 12207578918983470422
5 820 3 1 1646174217514160398
5 821 0 1 1607026980068118758
5 822 1 1 13303437415396801338
5 823 4 1 12587920481280066999
5 824 3 1 13987107713225334715
5 825 0 1 4992520640352863728
5 826 0 1 7263447506959407124
5 827 1 1 5199858030989230147
5 828 2 1 9061431503722510949
5 829 4 1 14400252600937389012
5 830 0 1 5744796948459454394
5 831 4 1 10292591259771880588
5 832 2 1 1721312458226718226
5 833 0 1 16635218433302059851
5 834 0 1 11656534395951367480
5 835 3 1 3706250251522790279
5 836 0 1 13109149372599278855
5 837 0 1 15782623443980200467
5 838 2 1 16550074045325605656
5 839 4 1 8552238076040605299
5 840 4 1 9482885590978036086
5 841 4 1 9671478455262059566
5 842 0 1 10893144584594332227
5 843 4 1 16019322840413540987
5 844 2 1 8296393284743045220
5 845 2 1 17938815114635715205
5 846 1 1 6264829385778688153
5 847 1 1 1851240405679727308
5 848 3 1 8252127944258078957
5 849 2 1 278628055251899660
5 850 3 1 17284352895107447551
5 851 2 1 1917595448595108230
5 852 1 1 4194184253204412852
5 853 3 1 6053135762636289112
5 854 3 1 17829479236593827180
5 855 1 1 17138125122391290546
5 856 1 1 12701771613115087757
5 857 3 1 15851635548108017237
5 858 4 1 15429185374696762248
5 859 3 1 1092543755026054444
5 860 0 1 11339471547318422768
5 861 4 1 5928009338273096310
5 862 4 1 15799438807585898358
5 863 0 1 7759398761882215565
5 864 3 1 6631869218547533701
5 865 1 1 1467136438670102142
5 866 1 1 8634286993913126889
5 867 3 1 1625376813926906406
5 868 4 1 11217810185908857400
5 869 3 1 8625591546392093923
5 870 0 1 17296397694263603933
5 871 2 1 15605747394391364522
5 872 1 1 1662045846911902792
5 873 1 1 17127000247114321803
5 874 4 1 8356660387712428204
5 875 1 1 1918485604873496907
5 876 0 1 2370571666901420648
5 877 3 1 15787385066387380099
5 878 0 1 5464477678597110906
5 879 2 1 11425249858769946518
5 880 1 1 6591019215869863149
5 881 2 1 9479744778601152624
5 882 3 1 15172779966452753614
5 883 2 1 7752719149069356364
5 884 3 1 18415611086810130089
5 885 0 1 17283471393219112121
5 886 4 1 12355267205606811577
5 887 0 1 635145025396992592
5 888 1 1 5396237116775390812
5 889 2 1 3552831403988064335
5 890 1 1 14168163303014268947
5 891 0 1 12627213986475551446
5 892 2 1 15759311136550812405
5 893 1 1 1626935584364203400
5 894 4 1 9310496835576179512
5 895 0 1 6245520276975783671
5 896 4 1 7024663181048246622
5 897 0 1 3427477009023336836
5 898 4 1 2933969795091320036
5 899 2 1 2151226409008220811
5 900 1 1 11539738627618492576
5 901 1 1 13725329897058492021
5 902 4 1 7498965915916310645
5 903 0 1 10290852052645224423
5 904 3 1 6604848973131369881
5 905 2 1 15811231974215060058
5 906 0 1 2271887981598533043
5 907 3 1 3594314518191525754
5 908 1 1 17149519013436525742
5 909 2 1 8679304823079730570
5 910 4 1 13578822930296496311
5 911 0 1 7091768012700047649
5 912 1 1 3785057672906901675
5 913 3 1 4236181286844492290
5 914 2 1 8508302517230928544
5 915 0 1 7300358184937218339
5 916 1 1 12384908352232692669
5 917 0 1 12492744495972933877
5 918 1 1 7314891822313963191
5 919 0 1 8324938997494297354
5 920 0 1 5209197900603935779
5 921 3 1 2658432712832078185
5 922 4 1 5318876851637134397
5 923 3 1 16575705827128833203
5 924 1 1 10064850062465251207
5 925 0 1 4212292470574654048
5 926 2 1 14980416404180533629
5 927 0 1 16757608328210085737
5 928 2 1 2318174214965864870
5 929 2 1 11090483489978208173
5 930 4 1 4454423999516879015
5 931 2 1 16112997200825396525
5 932 3 1 6280448590284782941
5 933 4 1 9633346215123474089
5 934 0 1 4043276543108671776
5 935 0 1 5617487009102249240
5 936 3 1 5876783769254797390
5 937 0 1 12282204452000419979
5 938 1 1 11539547785106538148
5 939 0 1 7026195643862072596
5 940 3 1 3299214246762090106
5 941 3 1 12374300965992954143
5 942 4 1 6758847474999357295
5 943 0 1 15792537753857445948
5 944 3 1 17507047352822497538
5 945 0 1 12191874001355785115
5 946 0 1 13766936657810901564
5 947 4 1 6187579338224863221
5 948 1 1 575235837446271943
5 949 3 1 3941374392937187760
5 950 4 1 12518650711486048524
5 951 0 1 4818749123633553555
5 952 1 1 2958342177660858065
5 953 2 1 3745796037585186959
5 954 4 1 9797933292464336113
5 955 4 1 15543349084849553232
5 956 0 1 486551758244958240
5 957 1 1 10593020500469347495
5 958 0 1 6369600516659338451
5 959 0 1 9007750655643717510
5 960 4 1 17785627354791621201
5 961 0 1 14764033308265707661
5 962 1 1 18034000857235843178
5 963 0 1 16557096199299614580
5 964 4 1 2437200641143386748
5 965 1 1 10182421626449994068
5 966 1 1 75625115684404924
5 967 2 1 6127271793307871498
5 968 0 1 11214820889151820355
5 969 0 1 12416802602799347959
5 970 0 1 1548125927064443941
5 971 0 1 10690183998159090903
5 972 2 1 10911454061780779591
5 973 4 1 17091566498439379262
5 974 0 1 13151991451832194121
5 975 2 1 11968421298731076421
5 976 4 1 7281465657596491640
5 977 1 1 16882855184145485567
5 978 2 1 16502249339396824566
5 979 2 1 3454458562438881671
5 980 1 1 5912850829099334963
5 981 0 1 5330146666763391722
5 982 3 1 8451916490946969729
5 983 3 1 6215268879167456629
5 984 1 1 9983414677725534452
5 985 1 1 1533824374095340090
5 986 2 1 11273301590638124495
5 987 1 1 888171466822353933
5 988 2 1 12600073355339343855
5 989 0 1 10435556484299784260
5 990 4 1 4932808928766631330
5 991 3 1 15166592873301253506
5 992 0 1 6396823673282492139
5 993 2 1 14209064470829046875
5 994 2 1 6577114328647476307
5 995 4 1 1197590027279852334
5 996 4 1 17587678522946712038
5 997 2 1 15126029715399578860
5 998 0 1 57675930565383847
5 999 2 1 10193180073869439881
6 0 5 1 14514284786278117030
6 1 3 1 4620546740167642908
6 2 4 1 13109570281517897720
6 3 1 1 17462938647148434322
6 4 4 1 355488278567739596
6 5 0 1 7469126240319926998
6 6 5 1 4635995468481642529
6 7 0 1 418970542659199878
6 8 1 1 9604170989252516556
6 9 3 1 6358044926049913402
6 10 1 1 5058016125798318033
6 11 1 1 10349215569089701407
6 12 5 1 2583272014892537200
6 13 3 1 10032373690199166667
6 14 0 1 9627645531742285868
6 15 0 1 15810285301089087632
6 16 3 1 9219209713614924562
6 17 1 1 7736011505917826031
6 18 1 1 13729552270962724157
6 19 4 1 4596340717661012313
6 20 0 1 4413874586873285858
6 21 1 1 5904155143473820934
6 22 1 1 16795776195466785825
6 23 1 1 3040631852046752166
6 24 1 1 4529279813148173111
6 25 4 1 3658352497551999605
6 26 2 1 13205889818278417278
6 27 0 1 17853215078830450730
6 28 0 1 14193508720503142180
6 29 5 1 1488787817663097441
6 30 4 1 8484116316263611556
6 31 1 1 4745643133208116498
6 32 4 1 14333959900198994173
6 33 1 1 10770733876927207790
6 34 2 1 17529942701849009476
6 35 4 1 8081518017574486547
6 36 0 1 5945178879512507902
6 37 2 1 9821139136195250096
6 38 5 1 4728986788662773602
6 39 4 1 840062144447779464
6 40 3 1 9315169977352719788
6 41 1 1 12843335216705846126
6 42 3 1 1682692516156909696
6 43 4 1 16733405176195045732
6 44 3 1 570275675392078508
6 45 3 1 2804578118555336986
6 46 1 1 18105853946332827420
6 47 5 1 11444576169427052165
6 48 5 1 5511269538150904327
6 49 2 1 6665263661402689669
6 50 2 1 8872308438533970361
6 51 4 1 5494304472256329401
6 52 0 1 5260777597240341458
6 53 2 1 17048363385688465216
6 54 2 1 11601203342555724204
6 55 3 1 13927871433293278342
6 56 0 1 13168989862813642697
6 57 0 1 13332527631701716084
6 58 5 1 1288265801825883165
6 59 4 1 8980511589347843149
6 60 5 1 1639193574298669424
6 61 1 1 14012553476551396225
6 62 3 1 7818048564976445173
6 63 1 1 11012385938523194722
6 64 4 1 1594098091654903511
6 65 3 1 5035242355473277827
6 66 4 1 11507220397369885600
6 67 1 1 4097669440061230013
6 68 4 1 4158775797243890311
6 69 0 1 8008476757622511610
6 70 3 1 18212599999684195413
6 71 3 1 3892070972454396029
6 72 4 1 15739033291548026583
6 73 1 1 5240984520368774617
6 74 5 1 15428220128146522508
6 75 2 1 6764778500174078837
6 76 4 1 17250425930626079997
6 77 5 1 15862445320841941901
6 78 0 1 9055707723866709616
6 79 2 1 407278260229756649
6 80 4 1 6679883267401891436
6 81 4 1 13585010976506536654
6 82 3 1 9580697194899010248
6 83 4 1 7802093638911637786
6 84 0 1 535562807229422763
6 85 4 1 16772549087470588412
6 86 5 1 2069348082463192648
6 87 0 1 18080878539236249869
6 88 4 1 12688200000096479737
6 89 3 1 8989665349769173357
6 90 5 1 13575112928849473200
6 91 5 1 10859033464356012248
6 92 0 1 9748216112997718693
6 93 0 1 8405158063935141693
6 94 3 1 15279502632583570477
6 95 4 1 16055899490125284200
6 96 2 1 9066388900883848980
6 97 1 1 17884680971936629565
6 98 5 1 16395391805201036549
6 99 0 1 2550532686790805254
6 100 0 1 8052938288948613298
6 101 3 1 6344035301348514175
6 102 2 1 2193824757648316037
6 103 4 1 10113332896580941759
6 104 3 1 14001553499759966766
6 105 4 1 597702890888347204
6 106 0 1 1874324574384293454
6 107 5 1 10826913572691111562
6 108 5 1 12821185545071087721
6 109 4 1 14606566723149387105
6 110 4 1 15679487422249894303
6 111 0 1 16146086267469614290
6 112 4 1 11169330698794304272
6 113 1 1 17590151747242102595
6 114 2 1 18278229723818623796
6 115 2 1 15994633360516603469
6 116 5 1 11881756471423721131
6 117 5 1 11153906733009525059
6 118 3 1 16836145075420168747
6 119 2 1 8614597919830747987
6 120 4 1 1459907787369619658
6 121 4 1 16682004712721580156
6 122 5 1 15261848763679157527
6 123 4 1 2717413695111288049
6 124 0 1 14889665525641206303
6 125 1 1 12338480473037317818
6 126 4 1 2557597240994564872
6 127 0 1 12402353581130313583
6 128 2 1 15355546302939095474
6 129 5 1 17651033590338072704
6 130 0 1 11616809212196625943
6 131 4 1 6561978461173088746
6 132 4 1 5962436378610109024
6 133 4 1 1168012300494473422
6 134 4 1 5175053317267933097
6 135 4 1 4740525681678845797
6 136 1 1 1614376253554691208
6 137 5 1 1358027693590031708
6 138 4 1 1856992378370522222
6 139 2 1 2410813678132517023
6 140 5 1 11582456654366157909
6 141 5 1 5754940895753314317
6 142 2 1 17548218371729667895
6 143 0 1 17945642044770404276
6 144 5 1 3721164045489467070
6 145 3 1 13394551493150992827
6 146 4 1 12475264300415171883
6 147 3 1 10462606688633056562
6 148 0 1 13251365510693735175
6 149 0 1 3876338822302790600
6 150 0 1 13771801863059799470
6 151 0 1 13815564444636394855
6 152 4 1 16495110748802246170
6 153 1 1 2156091871580385249
6 154 4 1 12069080176326280986
6 155 0 1 489805578737239572
6 156 0 1 5271183164515543116
6 157 5 1 11286401144444756863
6 158 0 1 6746000579485080744
6 159 0 1 5186625150343537151
6 160 3 1 13119883039086991857
6 161 5 1 16025170396082521338
6 162 1 1 2259331576759215945
6 163 1 1 16362343102415556603
6 164 2 1 10982898132796723193
6 165 2 1 14666888772828547003
6 166 2 1 10462483830193419334
6 167 2 1 18236154274104239589
6 168 4 1 17759599582309981676
6 169 1 1 9339512652453242670
6 170 5 1 14635458573977612405
6 171 0 1 13273192362623128494
6 172 1 1 7419053614262815071
6 173 4 1 2139880725825605974
6 174 3 1 15336265650071823816
6 175 5 1 6291952205449675957
6 176 3 1 14977329074317573394
6 177 3 1 4364768269648744391
6 178 1 1 17232241565077788317
6 179 5 1 8450549923677533764
6 180 2 1 15732483035355013039
6 181 5 1 13831185231495622915
6 182 1 1 6819123640184841760
6 183 3 1 11886944798543888851
6 184 1 1 10879889186777890996
6 185 0 1 15555433551230813341
6 186 0 1 105259452319848079
6 187 2 1 3441909642659419332
6 188 1 1 5480947869602487239
6 189 2 1 6247709904124292706
6 190 0 1 13391610271247915041
6 191 5 1 18346462037123761313
6 192 1 1 16636317150577797347
6 193 3 1 14149179703416851896
6 194 1 1 2376171948756359367
6 195 5 1 5152472389910152792
6 196 4 1 2368047066677070121
6 197 4 1 16396163399604156946
6 198 1 1 14864288050288048653
6 199 3 1 7393398358587456124
6 200 2 1 9728143941576351989
6 201 0 1 5481913815176021747
6 202 1 1 16927964714362701213
6 203 4 1 14993236783745363262
6 204 5 1 9552302871570670457
6 205 3 1 11071069341174528295
6 206 1 1 15381321939083200837
6 207 3 1 8816171210895558106
6 208 1 1 6071991122052964372
6 209 0 1 10925078611503375837
6 210 0 1 15239629154712277871
6 211 4 1 8615167154188153180
6 212 1 1 4917230293625512515
6 213 4 1 14895742215835130464
6 214 4 1 2359753755290725009
6 215 4 1 6783321469015983851
6 216 5 1 360705462143558065
6 217 4 1 2287732638733919300
6 218 3 1 2984153050512747353
6 219 5 1 8021412450653308816
6 220 2 1 12759258587083258672
6 221 2 1 1585563973173997547
6 222 0 1 18209504305389149669
6 223 0 1 11416757620121532143
6 224 3 1 6846989578536141166
6 225 1 1 4365862612957164362
6 226 5 1 2931876801952518067
6 227 1 1 680191398818283694
6 228 2 1 1834352496547951770
6 229 5 1 12616538556720116808
6 230 5 1 17563613795929063197
6 231 3 1 14519515363534791688
6 232 0 1 4349527158980778739
6 233 1 1 6714794984698083967
6 234 3 1 6696141578113299617
6 235 1 1 17231874453010340947
6 236 3 1 18425812703539835928
6 237 1 1 3707544366662920973
6 238 5 1 10197276740411893574
6 239 2 1 12864434420502416888
6 240 3 1 12767250491273234520
6 241 5 1 1588549204908870909
6 242 3 1 6610295429674120152
6 243 1 1 5281895767268096036
6 244 5 1 1739897672032589486
6 245 0 1 17406469206626426854
6 246 1 1 8710378533013875691
6 247 1 1 9587926405039941516
6 248 4 1 2805299725371867574
6 249 4 1 7146901261023555807
6 250 4 1 1825062423171923931
6 251 4 1 3049052876249887095
6 252 0 1 10771741767689142181
6 253 5 1 8733642741329011601
6 254 1 1 11979515434717210935
6 255 4 1 10043245691272652957
6 256 1 1 5830279975302858953
6 257 3 1 17190113074333440499
6 258 3 1 18260575806620923460
6 259 1 1 14335648769917655401
6 260 2 1 4153816861017702156
6 261 0 1 14590500750979768984
6 262 4 1 810991542442466488
6 263 0 1 7089785717813579612
6 264 5 1 12357837562747114001
6 265 0 1 5554121432788679660
6 266 0 1 5931025703748246718
6 267 2 1 2097835176693352889
6 268 4 1 12745618408404359587
6 269 4 1 6090924568528767236
6 270 0 1 14734637834598564704
6 271 4 1 14439652293742648615
6 272 2 1 132405348116615733
6 273 5 1 13869945305505934743
6 274 3 1 7372953811704808036
6 275 5 1 7756437368369298361
6 276 1 1 3794582695199039623
6 277 4 1 12917619229835701974
6 278 4 1 14320084076906478671
6 279 2 1 2606626751703588462
6 280 1 1 3137561743724131360
6 281 2 1 13808802441028589896
6 282 1 1 14231944027275971054
6 283 2 1 16852581317945783254
6 284 5 1 10323673491841952054
6 285 3 1 2313335010769237820
6 286 2 1 13955532667350441768
6 287 0 1 5747153089934705338
6 288 1 1 13377135145695875091
6 289 3 1 6830230899286657495
6 290 4 1 81856298782858401
6 291 0 1 1754724887913860152
6 292 1 1 13750479713795882912
6 293 5 1 11120120136303124367
6 294 2 1 15046307382468953177
6 295 1 1 3696979254055818020
6 296 4 1 15352898388246644384
6 297 2 1 1024778962410818770
6 298 5 1 2388728043318081123
6 299 5 1 6871857727931721608
6 300 2 1 17721619206096294273
6 301 0 1 10585202864517959301
6 302 4 1 10898249199547365704
6 303 5 1 9663430180652362739
6 304 3 1 1737102419936989910
6 305 2 1 5117227310201589790
6 306 0 1 16884367896390523102
6 307 4 1 10498150099412419335
6 308 2 1 1921007855220546564
6 309 4 1 7643484074408755248
6 310 3 1 11318429053286342939
6 311 4 1 1370093900783164344
6 312 5 1 6776537281339823025
6 313 0 1 3450492372588984223
6 314 4 1 9401014545757436331
6 315 0 1 7896519943553875907
6 316 1 1 14303443932332314010
6 317 4 1 281238069833157985
6 318 5 1 9628364435514671685
6 319 2 1 1035647896705322917
6 320 2 1 940113500519447970
6 321 3 1 12858978713386075837
6 322 2 1 2103046007104782505
6 323 2 1 1170332608028903179
6 324 1 1 6569179731999105361
6 325 3 1 9795365446060253382
6 326 3 1 3663276878692063340
6 327 5 1 11746321300354091749
6 328 2 1 5408361990473950532
6 329 4 1 9735653452670998906
6 330 5 1 4324195634733601175
6 331 0 1 9037136744494003310
6 332 2 1 10715330324656609711
6 333 2 1 3474343689175121886
6 334 0 1 5794004792094061662
6 335 4 1 13295581273946061060
6 336 4 1 7292949743142825837
6 337 5 1 10886028626057941279
6 338 4 1 10688849249577735178
6 339 5 1 17297010345160851373
6 340 0 1 13658139148821214513
6 341 1 1 4468290234101910565
6 342 2 1 9583516840381960864
6 343 3 1 2100818272677130469
6 344 4 1 3835407486618772476
6 345 2 1 11687972045781987867
6 346 4 1 2584265809482868424
6 347 0 1 2184370854727222683
6 348 5 1 17762352308671769689
6 349 5 1 10901114407297935135
6 350 3 1 17932666452350314317
6 351 3 1 14800534017102555607
6 352 0 1 16233839909626358812
6 353 1 1 1704089397092793640
6 354 5 1 2891239861334407450
6 355 2 1 18077585692287687954
6 356 4 1 2363047449739120434
6 357 1 1 5904357530901606076
6 358 2 1 16765772907460692007
6 359 1 1 8757786729323486734
6 360 2 1 3706883612695347371
6 361 3 1 14958907430930711064
6 362 0 1 9624134580897548276
6 363 0 1 10298009507777483067
6 364 1 1 5667412839234900228
6 365 3 1 6828701555684071915
6 366 2 1 10482797977665945217
6 367 4 1 13440894740881464138
6 368 3 1 12078258924098889769
6 369 1 1 5740761565098658841
6 370 0 1 13914375003115830180
6 371 1 1 16808960379045776034
6 372 1 1 18421450170384511575
6 373 2 1 16478974619417516521
6 374 4 1 14381565232287562804
6 375 5 1 12792472782420522791
6 376 4 1 6620422687983566193
6 377 2 1 12025299949416885293
6 378 5 1 6046334025019123
6 379 3 1 16769051888439418536
6 380 4 1 10312203372653850423
6 381 5 1 720028297035890629
6 382 5 1 6441255456466558203
6 383 3 1 9874005816230679263
6 384 1 1 15903170012916142038
6 385 0 1 7557768652767625223
6 386 1 1 17626605079857371651
6 387 5 1 9092603716684679963
6 388 4 1 15518831173015579794
6 389 2 1 300798272301981904
6 390 5 1 13762040857722893585
6 391 2 1 3117104080838901168
6 392 1 1 4702649037537941245
6 393 2 1 14408238429167682374
6 394 1 1 17923200330177894118
6 395 0 1 7470538549881440849
6 396 5 1 3664543122474851710
6 397 0 1 17626200978883719521
6 398 5 1 15355649603762884691
6 399 1 1 4749231114166154448
6 400 0 1 11220859020615935192
6 401 3 1 4740127963151294603
6 402 4 1 16616708905207951068
6 403 1 1 9828299274924872726
6 404 1 1 8985762004928355786
6 405 4 1 14578866413196595465
6 406 0 1 11009044264074492189
6 407 1 1 16196760954725621137
6 408 4 1 10725252972011913420
6 409 3 1 4601011175737567235
6 410 0 1 1441938685024169613
6 411 5 1 1896485105672535586
6 412 3 1 6635496128279078494
6 413 3 1 7401072902622950072
6 414 0 1 16075245295895555285
6 415 5 1 11009539992705810569
6 416 5 1 13666961049432909413
6 417 3 1 930044899627839572
6 418 5 1 7899294831116079515
6 419 1 1 7830402010660588539
6 420 1 1 5485720725031791061
6 421 0 1 17051528642209786987
6 422 2 1 7280223907880312904
6 423 3 1 10641556535303807158
6 424 4 1 12639056541805784436
6 425 2 1 12321318600465693220
6 426 3 1 10108223508416203621
6 427 0 1 16243972184205577210
6 428 2 1 8544062083712081766
6 429 0 1 11274622334580836223
6 430 1 1 10844017387984539333
6 431 5 1 14774228730866078526
6 432 1 1 560237794062265107
6 433 0 1 5844494700804214355
6 434 0 1 12270220729021534083
6 435 3 1 8560016492134621125
6 436 0 1 12198417933760222474
6 437 4 1 10133839346494565561
6 438 0 1 9295901871619786454
6 439 5 1 10849442312533122519
6 440 5 1 18021432643418872607
6 441 5 1 10155396024449547909
6 442 0 1 10524212640889309144
6 443 1 1 16662796689072019468
6 444 1 1 965963318619140447
6 445 2 1 8887484786999567242
6 446 1 1 15714444653107301219
6 447 0 1 1678356452623540647
6 448 0 1 11052117692502964420
6 449 4 1 14549914962216724919
6 450 3 1 2062106447906584711
6 451 3 1 9160372737526136799
6 452 4 1 408961132483689555
6 453 1 1 16057982805180036489
6 454 0 1 3569128826873655261
6 455 2 1 9330490631980133992
6 456 4 1 1176328083272936519
6 457 0 1 11222898184704497134
6 458 4 1 9302091588024171405
6 459 4 1 10671057562378043302
6 460 5 1 4098229850247478874
6 461 0 1 8603114141751656125
6 462 4 1 5095034292565071557
6 463 2 1 17972196540767155575
6 464 2 1 17052421619317624598
6 465 1 1 1582078615100434096
6 466 1 1 12012345949788712038
6 467 0 1 16161371278263065802
6 468 2 1 2541771182459136706
6 469 1 1 4555228648728151989
6 470 3 1 8434259952664443907
6 471 2 1 11417314755930316675
6 472 2 1 4859944209493970278
6 473 0 1 3960064386733120970
6 474 2 1 831798891742765072
6 475 2 1 15333350611999607709
6 476 2 1 16195235791627584805
6 477 0 1 11597945977924582290
6 478 4 1 5623573319924035254
6 479 4 1 11517834322140013944
6 480 0 1 4133597640080778846
6 481 2 1 5871425684860123605
6 482 2 1 1689282515842046354
6 483 0 1 12636468992840026995
6 484 5 1 14838814546330146559
6 485 3 1 521771145052581487
6 486 2 1 2880434048302248640
6 487 1 1 8371131723257691693
6 488 0 1 14881811984607317690
6 489 2 1 1324986559026356337
6 490 2 1 15096177686518116013
6 491 4 1 4421234407032663127
6 492 0 1 14405416956529710514
6 493 1 1 3720189381923668652
6 494 3 1 409223713688462738
6 495 4 1 9606291214917499037
6 496 0 1 9223836018030016969
6 497 2 1 190459553092726002
6 498 4 1 12216883190512504355
6 499 3 1 2445407445757699168
6 500 1 1 4632853494959579227
6 501 5 1 13184809158706083946
6 502 4 1 5787237245171889527
6 503 1 1 10294885203231741175
6 504 3 1 4191072920233802133
6 505 3 1 4291939441266046279
6 506 2 1 16375865614446560083
6 507 3 1 8623994097296487259
6 508 1 1 15309273767847758202
6 509 4 1 9397335507036899909
6 510 3 1 6747046333776906674
6 511 5 1 13832845734789247298
6 512 3 1 7019441607318179720
6 513 3 1 10005910351872177492
6 514 5 1 4145022192145704170
6 515 1 1 4353043221960833896
6 516 2 1 8973895156742077167
6 517 5 1 438950987149754489
6 518 4 1 2185272607213603213
6 519 4 1 8466605802960622962
6 520 4 1 12110999198806592422
6 521 5 1 11821045514824268224
6 522 0 1 10878266882585355136
6 523 3 1 11760743717116988087
6 524 4 1 4184976790109698342
6 525 4 1 18330309416210613006
6 526 4 1 1107206443001387417
6 527 5 1 79384941109554222
6 528 5 1 9163366224008952362
6 529 2 1 3321824684344751056
6 530 0 1 3693723307432954164
6 531 0 1 6079394558849393056
6 532 0 1 11401125038466760935
6 533 2 1 3656219353656357222
6 534 2 1 1735342045865967049
6 535 0 1 4042759343240967690
6 536 3 1 12711975181279962687
6 537 4 1 9500297538285176400
6 538 2 1 15298274009373410204
6 539 3 1 9806309365986113958
6 540 1 1 10640867530898511005
6 541 1 1 17462737140104853956
6 542 4 1 4414872795937286161
6 543 0 1 14852747253248972903
6 544 3 1 15278706409822090441
6 545 1 1 6433625831299907179
6 546 2 1 3321907667985685429
6 547 0 1 11390693584827212740
6 548 0 1 11529629266037992234
6 549 0 1 10328859824139248147
6 550 3 1 16428469301035734767
6 551 5 1 17926643922068445985
6 552 1 1 705326063324784242
6 553 3 1 8105287564212541268
6 554 0 1 15433828269766668455
6 555 4 1 3714790519415313767
6 556 4 1 5417718938962187987
6 557 0 1 7847045502609209896
6 558 4 1 8025090526912661197
6 559 3 1 2234136672994823541
6 560 4 1 16041001438425499955
6 561 5 1 10050820915370092068
6 562 4 1 14731208739754682952
6 563 2 1 9320476318639351023
6 564 3 1 14993011533295358880
6 565 5 1 4179632880986595543
6 566 5 1 8947621078428360390
6 567 4 1 14715184767037401701
6 568 2 1 2617407252848328649
6 569 4 1 4818108510694228841
6 570 0 1 3602814087839803186
6 571 2 1 14679368779377024657
6 572 1 1 7354547195052671772
6 573 3 1 453184876960970470
6 574 4 1 15781004944602184656
6 575 5 1 12000277437894508493
6 576 5 1 14990587330205222466
6 577 2 1 13913588124149397652
6 578 0 1 14252160166631667289
6 579 1 1 1532590395334038243
6 580 5 1 10283229111568663870
6 581 5 1 17325140074534683390
6 582 2 1 15829693190940193580
6 583 5 1 7621681592523599724
6 584 0 1 10682206684717316020
6 585 4 1 1847393779801417006
6 586 1 1 3066262069769536156
6 587 4 1 14633662576956154615
6 588 4 1 15324290530255177253
6 589 4 1 14627271171597064522
6 590 5 1 14334883061544405592
6 591 5 1 12329324284039697670
6 592 3 1 14425669906700626239
6 593 0 1 4967072546582904838
6 594 2 1 11336784484312139551
6 595 4 1 9293117687355182150
6 596 1 1 18198595579111618687
6 597 5 1 3236555730692485133
6 598 5 1 3659681352365625914
6 599 5 1 5185822088933195476
6 600 3 1 1820961806679957133
6 601 1 1 5103404090674191862
6 602 3 1 16176358349875499548
6 603 1 1 15699479324816269479
6 604 3 1 6929077312607579230
6 605 3 1 7724671543660786314
6 606 0 1 15226863704421704735
6 607 0 1 10411799650043017788
6 608 4 1 2743533500235068318
6 609 0 1 7917895244279791454
6 610 3 1 9194839772540541837
6 611 2 1 8170679394364395846
6 612 4 1 2830213237197365734
6 613 3 1 7353896603754987224
6 614 0 1 17634372441601249827
6 615 4 1 8515117661105161813
6 616 3 1 5818937363197514778
6 617 4 1 8536843065945835629
6 618 1 1 2920190566549352463
6 619 0 1 4206179361653770600
6 620 3 1 15470355568872211976
6 621 1 1 8427825008315838911
6 622 4 1 5786540713287383830
6 623 4 1 15547153445796060183
6 624 2 1 12329720415526259303
6 625 5 1 5557519966701086911
6 626 3 1 17778904544770937806
6 627 1 1 17514165232876376499
6 628 2 1 17788126989478779154
6 629 3 1 17150186057659184837
6 630 0 1 96482940290395907
6 631 0 1 5391763100021787727
6 632 4 1 13311921842198397018
6 633 4 1 212666859219880844
6 634 1 1 17021563369181645958
6 635 4 1 11336487866339302675
6 636 3 1 9141466969851850320
6 637 5 1 15662548514627491449
6 638 0 1 7860565965198889264
6 639 1 1 13899151565605256321
6 640 3 1 13381351357933618242
6 641 4 1 14888589325358078776
6 642 4 1 8892463471491396086
6 643 0 1 15103645417329254911
6 644 0 1 5461076326426815327
6 645 1 1 1842242118931503497
6 646 5 1 4404875173572687401
6 647 3 1 13971514988681285540
6 648 3 1 17325818256926300242
6 649 0 1 15093194250549176553
6 650 3 1 2037055123708268678
6 651 0 1 16257942776085749532
6 652 5 1 10590700494563920368
6 653 1 1 9510359897405254265
6 654 1 1 14355127120473277462
6 655 1 1 17727696335014918206
6 656 2 1 5852409884542362577
6 657 5 1 15296449745630772621
6 658 5 1 15183080793648581194
6 659 0 1 16672300287494724460
6 660 1 1 13969062191570534211
6 661 3 1 9287911224447475220
6 662 4 1 8201339388669403090
6 663 2 1 6896471492123786378
6 664 2 1 17836899414146968932
6 665 3 1 18212192901661339968
6 666 5 1 13589433629948059304
6 667 3 1 11028761701391980161
6 668 3 1 6774257768766057466
6 669 0 1 12173254712476586450
6 670 2 1 12848080044100037611
6 671 0 1 8528727180962924144
6 672 0 1 1419515180397454273
6 673 1 1 14756964613420120449
6 674 4 1 5897971337265509756
6 675 1 1 7895151636400005603
6 676 1 1 12470640271491881548
6 677 1 1 1601970429693801261
6 678 4 1 15095880759160767112
6 679 0 1 9199134360165595311
6 680 0 1 3011979166743445660
6 681 1 1 12194258846860258337
6 682 1 1 3655956427657893470
6 683 4 1 2336006494839215747
6 684 1 1 14852738832219225696
6 685 0 1 980198724853947166
6 686 5 1 15813714724821744703
6 687 5 1 791599627749143069
6 688 1 1 7348649629500435093
6 689 5 1 15262170387612229708
6 690 1 1 15303522042429377318
6 691 1 1 8425613881574971669
6 692 3 1 15801520478161584059
6 693 2 1 14074339996639769183
6 694 5 1 11257371430211006951
6 695 0 1 13402846107666422911
6 696 1 1 6626174270103647993
6 697 5 1 14681865631183261473
6 698 4 1 4451829808427344249
6 699 2 1 5724496674828323027
6 700 3 1 14972202730373011904
6 701 1 1 11481387700399791014
6 702 3 1 17251674197980054589
6 703 5 1 1838448127446963389
6 704 0 1 1207376433173020767
6 705 1 1 9073502573042965711
6 706 1 1 13838468943242852421
6 707 1 1 5020402172333584866
6 708 2 1 1289816897702617855
6 709 4 1 16074253538753775279
6 710 5 1 2848619861528754568
6 711 5 1 5973640488400207347
6 712 2 1 3071333206607986706
6 713 2 1 12888295794552218363
6 714 1 1 5137015169022219459
6 715 3 1 6855845130657996130
6 716 3 1 13509486497434551605
6 717 1 1 3108141178579225625
6 718 5 1 11547672040624451730
6 719 0 1 8228290404814299648
6 720 1 1 556050802577131935
6 721 5 1 1291564719606180243
6 722 2 1 12244181387410231701
6 723 5 1 278862824664555643
6 724 4 1 15819233907350967248
6 725 5 1 17068340672410761541
6 726 5 1 18086332283553587440
6 727 4 1 315661412098236862
6 728 2 1 2955724640055190386
6 729 4 1 13784171517969596718
6 730 4 1 1290092202280378555
6 731 5 1 16592960356544350813
6 732 4 1 16858716830044052167
6 733 0 1 897800245874941430
6 734 2 1 13540719245109081222
6 735 0 1 1083645675370617492
6 736 5 1 1386604666325681943
6 737 0 1 15322508077521817796
6 738 1 1 17200996622826525908
6 739 4 1 377359248448239623
6 740 1 1 903752203431456047
6 741 4 1 5917034777147383262
6 742 3 1 14427307358937396394
6 743 4 1 7312697203701764121
6 744 5 1 16205567221211754073
6 745 3 1 2397860267640591749
6 746 0 1 7771620645425797965
6 747 3 1 4628927853429026927
6 748 5 1 10814117705525372791
6 749 2 1 1781328114115837238
6 750 3 1 8047892713447387890
6 751 3 1 14325316982420673798
6 752 1 1 307254776259779147
6 753 4 1 18088484138876255865
6 754 3 1 6235903010317883578
6 755 4 1 4576014393928771646
6 756 1 1 11902339501721522128
6 757 3 1 11466077100832512450
6 758 3 1 1320279640819393445
6 759 2 1 7149459462530810516
6 760 0 1 17183597293436304345
6 761 0 1 10494281344202625434
6 762 3 1 15351591175592386700
6 763 5 1 6787100053213878886
6 764 4 1 4662750932232247137
6 765 3 1 9155970812684385713
6 766 4 1 16135661826301908461
6 767 3 1 18304055221177982100
6 768 2 1 9416630457538799891
6 769 2 1 14565714036259547408
6 770 3 1 1567015689328697302
6 771 2 1 6354592639376292074
6 772 4 1 17850376331797597416
6 773 2 1 10659961423006612289
6 774 2 1 17519724454480552469
6 775 4 1 11678126474628634190
6 776 3 1 1758403873368227086
6 777 1 1 15990654484983665543
6 778 0 1 11214965843994241271
6 779 3 1 12011525616758716968
6 780 5 1 10447121228281024024
6 781 2 1 2305551614414338365
6 782 5 1 16044382098030270132
6 783 3 1 12224093843246544395
6 784 3 1 16482020615341119088
6 785 3 1 10963267852467973529
6 786 2 1 17349096433594909876
6 787 0 1 12720620716465149679
6 788 3 1 16276416704186986927
6 789 3 1 9749492746774307320
6 790 2 1 4878537625661881849
6 791 2 1 3596658220251367324
6 792 0 1 1250366616134450842
6 793 0 1 6810591609326569041
6 794 0 1 3598393359978582179
6 795 0 1 12253949833836762468
6 796 4 1 12506534045411421786
6 797 4 1 5579778259811453914
6 798 4 1 9776215669441974360
6 799 5 1 2458400878391347086
6 800 2 1 8348402873370648617
6 801 1 1 7121289029007601878
6 802 4 1 12229263687747326448
6 803 4 1 17037102369907624029
6 804 3 1 4480768498551219639
6 805 4 1 2055333633189980498
6 806 0 1 1996380200405366126
6 807 4 1 16269828220783280610
6 808 5 1 2087527536209518012
6 809 3 1 15824764389964056849
6 810 0 1 2567742633386698867
6 811 1 1 712225451323391987
6 812 5 1 8933753793270353555
6 813 2 1 13585078573555411625
6 814 1 1 867327728114824049
6 815 2 1 7583624842930804212
6 816 5 1 3377553416701167536
6 817 5 1 16921474325853581610
6 818 0 1 16140895111948716532
6 819 0 1 12207578918983470422
6 820 3 1 1646174217514160398
6 821 0 1 1607026980068118758
6 822 1 1 13303437415396801338
6 823 5 1 12587920481280066999
6 824 4 1 13987107713225334715
6 825 0 1 4992520640352863728
6 826 1 1 7263447506959407124
6 827 1 1 5199858030989230147
6 828 2 1 9061431503722510949
6 829 5 1 14400252600937389012
6 830 1 1 5744796948459454394
6 831 5 1 10292591259771880588
6 832 3 1 1721312458226718226
6 833 0 1 16635218433302059851
6 834 1 1 11656534395951367480
6 835 3 1 3706250251522790279
6 836 1 1 13109149372599278855
6 837 0 1 15782623443980200467
6 838 2 1 16550074045325605656
6 839 5 1 8552238076040605299
6 840 5 1 9482885590978036086
6 841 4 1 9671478455262059566
6 842 0 1 10893144584594332227
6 843 4 1 16019322840413540987
6 844 2 1 8296393284743045220
6 845 3 1 17938815114635715205
6 846 1 1 6264829385778688153
6 847 1 1 1851240405679727308
6 848 4 1 8252127944258078957
6 849 2 1 278628055251899660
6 850 4 1 17284352895107447551
6 851 3 1 1917595448595108230
6 852 1 1 4194184253204412852
6 853 4 1 6053135762636289112
6 854 4 1 17829479236593827180
6 855 1 1 17138125122391290546
6 856 1 1 12701771613115087757
6 857 3 1 15851635548108017237
6 858 5 1 15429185374696762248
6 859 4 1 1092543755026054444
6 860 0 1 11339471547318422768
6 861 4 1 5928009338273096310
6 862 5 1 15799438807585898358
6 863 0 1 7759398761882215565
6 864 4 1 6631869218547533701
6 865 2 1 1467136438670102142
6 866 1 1 8634286993913126889
6 867 4 1 1625376813926906406
6 868 5 1 11217810185908857400
6 869 3 1 8625591546392093923
6 870 0 1 17296397694263603933
6 871 3 1 15605747394391364522
6 872 1 1 1662045846911902792
6 873 2 1 17127000247114321803
6 874 5 1 8356660387712428204
6 875 1 1 1918485604873496907
6 876 0 1 2370571666901420648
6 877 3 1 15787385066387380099
6 878 0 1 5464477678597110906
6 879 3 1 11425249858769946518
6 880 2 1 6591019215869863149
6 881 2 1 9479744778601152624
6 882 3 1 15172779966452753614
6 883 3 1 7752719149069356364
6 884 3 1 18415611086810130089
6 885 0 1 17283471393219112121
6 886 5 1 12355267205606811577
6 887 0 1 635145025396992592
6 888 1 1 5396237116775390812
6 889 3 1 3552831403988064335
6 890 1 1 14168163303014268947
6 891 0 1 12627213986475551446
6 892 2 1 15759311136550812405
6 893 1 1 1626935584364203400
6 894 5 1 9310496835576179512
6 895 0 1 6245520276975783671
6 896 5 1 7024663181048246622
6 897 0 1 3427477009023336836
6 898 5 1 2933969795091320036
6 899 2 1 2151226409008220811
6 900 1 1 11539738627618492576
6 901 1 1 13725329897058492021
6 902 5 1 7498965915916310645
6 903 0 1 10290852052645224423
6 904 3 1 6604848973131369881
6 905 3 1 15811231974215060058
6 906 0 1 2271887981598533043
6 907 4 1 3594314518191525754
6 908 1 1 17149519013436525742
6 909 2 1 8679304823079730570
6 910 5 1 13578822930296496311
6 911 0 1 7091768012700047649
6 912 1 1 3785057672906901675
6 913 3 1 4236181286844492290
6 914 2 1 8508302517230928544
6 915 0 1 7300358184937218339
6 916 1 1 12384908352232692669
6 917 0 1 12492744495972933877
6 918 1 1 7314891822313963191
6 919 0 1 8324938997494297354
6 920 0 1 5209197900603935779
6 921 3 1 2658432712832078185
6 922 5 1 5318876851637134397
6 923 4 1 16575705827128833203
6 924 1 1 10064850062465251207
6 925 1 1 4212292470574654048
6 926 3 1 14980416404180533629
6 927 0 1 16757608328210085737
6 928 3 1 2318174214965864870
6 929 2 1 11090483489978208173
6 930 5 1 4454423999516879015
6 931 2 1 16112997200825396525
6 932 4 1 6280448590284782941
6 933 4 1 9633346215123474089
6 934 0 1 4043276543108671776
6 935 0 1 5617487009102249240
6 936 3 1 5876783769254797390
6 937 0 1 12282204452000419979
6 938 1 1 11539547785106538148
6 939 1 1 7026195643862072596
6 940 3 1 3299214246762090106
6 941 4 1 12374300965992954143
6 942 5 1 6758847474999357295
6 943 0 1 15792537753857445948
6 944 3 1 17507047352822497538
6 945 0 1 12191874001355785115
6 946 1 1 13766936657810901564
6 947 5 1 6187579338224863221
6 948 1 1 575235837446271943
6 949 4 1 3941374392937187760
6 950 4 1 12518650711486048524
6 951 0 1 4818749123633553555
6 952 2 1 2958342177660858065
6 953 2 1 3745796037585186959
6 954 5 1 9797933292464336113
6 955 5 1 15543349084849553232
6 956 0 1 486551758244958240
6 957 2 1 10593020500469347495
6 958 0 1 6369600516659338451
6 959 0 1 9007750655643717510
6 960 4 1 17785627354791621201
6 961 0 1 14764033308265707661
6 962 1 1 18034000857235843178
6 963 0 1 16557096199299614580
6 964 5 1 2437200641143386748
6 965 1 1 10182421626449994068
6 966 2 1 75625115684404924
6 967 2 1 6127271793307871498
6 968 0 1 11214820889151820355
6 969 0 1 12416802602799347959
6 970 0 1 1548125927064443941
6 971 0 1 10690183998159090903
6 972 2 1 10911454061780779591
6 973 5 1 17091566498439379262
6 974 0 1 13151991451832194121
6 975 3 1 11968421298731076421
6 976 4 1 7281465657596491640
6 977 1 1 16882855184145485567
6 978 2 1 16502249339396824566
6 979 3 1 3454458562438881671
6 980 2 1 5912850829099334963
6 981 1 1 5330146666763391722
6 982 4 1 8451916490946969729
6 983 3 1 6215268879167456629
6 984 1 1 9983414677725534452
6 985 1 1 1533824374095340090
6 986 2 1 11273301590638124495
6 987 1 1 888171466822353933
6 988 2 1 12600073355339343855
6 989 0 1 10435556484299784260
6 990 5 1 4932808928766631330
6 991 4 1 15166592873301253506
6 992 1 1 6396823673282492139
6 993 2 1 14209064470829046875
6 994 3 1 6577114328647476307
6 995 5 1 1197590027279852334
6 996 5 1 17587678522946712038
6 997 3 1 15126029715399578860
6 998 0 1 57675930565383847
6 999 2 1 10193180073869439881
7 0 6 1 14514284786278117030
7 1 3 1 4620546740167642908
7 2 4 1 13109570281517897720
7 3 2 1 17462938647148434322
7 4 4 1 355488278567739596
7 5 0 1 7469126240319926998
7 6 6 1 4635995468481642529
7 7 0 1 418970542659199878
7 8 1 1 9604170989252516556
7 9 3 1 6358044926049913402
7 10 1 1 5058016125798318033
7 11 1 1 10349215569089701407
7 12 6 1 2583272014892537200
7 13 4 1 10032373690199166667
7 14 0 1 9627645531742285868
7 15 0 1 15810285301089087632
7 16 4 1 9219209713614924562
7 17 1 1 7736011505917826031
7 18 2 1 13729552270962724157
7 19 5 1 4596340717661012313
7 20 0 1 4413874586873285858
7 21 2 1 5904155143473820934
7 22 1 1 16795776195466785825
7 23 1 1 3040631852046752166
7 24 1 1 4529279813148173111
7 25 5 1 3658352497551999605
7 26 2 1 13205889818278417278
7 27 0 1 17853215078830450730
7 28 0 1 14193508720503142180
7 29 5 1 1488787817663097441
7 30 5 1 8484116316263611556
7 31 1 1 4745643133208116498
7 32 4 1 14333959900198994173
7 33 1 1 10770733876927207790
7 34 3 1 17529942701849009476
7 35 5 1 8081518017574486547
7 36 1 1 5945178879512507902
7 37 3 1 9821139136195250096
7 38 5 1 4728986788662773602
7 39 5 1 840062144447779464
7 40 4 1 9315169977352719788
7 41 1 1 12843335216705846126
7 42 4 1 1682692516156909696
7 43 4 1 16733405176195045732
7 44 3 1 570275675392078508
7 45 3 1 2804578118555336986
7 46 1 1 18105853946332827420
7 47 6 1 11444576169427052165
7 48 6 1 5511269538150904327
7 49 2 1 6665263661402689669
7 50 3 1 8872308438533970361
7 51 4 1 5494304472256329401
7 52 0 1 5260777597240341458
7 53 2 1 17048363385688465216
7 54 2 1 11601203342555724204
7 55 3 1 13927871433293278342
7 56 0 1 13168989862813642697
7 57 0 1 13332527631701716084
7 58 5 1 1288265801825883165
7 59 4 1 8980511589347843149
7 60 6 1 1639193574298669424
7 61 1 1 14012553476551396225
7 62 3 1 7818048564976445173
7 63 1 1 11012385938523194722
7 64 5 1 1594098091654903511
7 65 4 1 5035242355473277827
7 66 5 1 11507220397369885600
7 67 1 1 4097669440061230013
7 68 4 1 4158775797243890311
7 69 1 1 8008476757622511610
7 70 3 1 18212599999684195413
7 71 4 1 3892070972454396029
7 72 5 1 15739033291548026583
7 73 1 1 5240984520368774617
7 74 6 1 15428220128146522508
7 75 2 1 6764778500174078837
7 76 5 1 17250425930626079997
7 77 6 1 15862445320841941901
7 78 0 1 9055707723866709616
7 79 3 1 407278260229756649
7 80 4 1 6679883267401891436
7 81 4 1 13585010976506536654
7 82 3 1 9580697194899010248
7 83 5 1 7802093638911637786
7 84 0 1 535562807229422763
7 85 5 1 16772549087470588412
7 86 6 1 2069348082463192648
7 87 0 1 18080878539236249869
7 88 5 1 12688200000096479737
7 89 4 1 8989665349769173357
7 90 6 1 13575112928849473200
7 91 6 1 10859033464356012248
7 92 0 1 9748216112997718693
7 93 0 1 8405158063935141693
7 94 4 1 15279502632583570477
7 95 5 1 16055899490125284200
7 96 2 1 9066388900883848980
7 97 1 1 17884680971936629565
7 98 6 1 16395391805201036549
7 99 0 1 2550532686790805254
7 100 0 1 8052938288948613298
7 101 4 1 6344035301348514175
7 102 2 1 2193824757648316037
7 103 5 1 10113332896580941759
7 104 3 1 14001553499759966766
7 105 5 1 597702890888347204
7 106 0 1 1874324574384293454
7 107 6 1 10826913572691111562
7 108 6 1 12821185545071087721
7 109 5 1 14606566723149387105
7 110 4 1 15679487422249894303
7 111 1 1 16146086267469614290
7 112 5 1 11169330698794304272
7 113 1 1 17590151747242102595
7 114 3 1 18278229723818623796
7 115 2 1 15994633360516603469
7 116 6 1 11881756471423721131
7 117 6 1 11153906733009525059
7 118 3 1 16836145075420168747
7 119 3 1 8614597919830747987
7 120 5 1 1459907787369619658
7 121 4 1 16682004712721580156
7 122 6 1 15261848763679157527
7 123 4 1 2717413695111288049
7 124 0 1 14889665525641206303
7 125 1 1 12338480473037317818
7 126 5 1 2557597240994564872
7 127 0 1 12402353581130313583
7 128 2 1 15355546302939095474
7 129 6 1 17651033590338072704
7 130 0 1 11616809212196625943
7 131 5 1 6561978461173088746
7 132 5 1 5962436378610109024
7 133 5 1 1168012300494473422
7 134 5 1 5175053317267933097
7 135 5 1 4740525681678845797
7 136 1 1 1614376253554691208
7 137 6 1 1358027693590031708
7 138 5 1 1856992378370522222
7 139 2 1 2410813678132517023
7 140 6 1 11582456654366157909
7 141 6 1 5754940895753314317
7 142 3 1 17548218371729667895
7 143 0 1 17945642044770404276
7 144 5 1 3721164045489467070
7 145 4 1 13394551493150992827
7 146 5 1 12475264300415171883
7 147 4 1 10462606688633056562
7 148 1 1 13251365510693735175
7 149 0 1 3876338822302790600
7 150 0 1 13771801863059799470
7 151 0 1 13815564444636394855
7 152 5 1 16495110748802246170
7 153 1 1 2156091871580385249
7 154 5 1 12069080176326280986
7 155 1 1 489805578737239572
7 156 0 1 5271183164515543116
7 157 6 1 11286401144444756863
7 158 0 1 6746000579485080744
7 159 1 1 5186625150343537151
7 160 4 1 13119883039086991857
7 161 6 1 16025170396082521338
7 162 1 1 2259331576759215945
7 163 1 1 16362343102415556603
7 164 3 1 10982898132796723193
7 165 2 1 14666888772828547003
7 166 2 1 10462483830193419334
7 167 2 1 18236154274104239589
7 168 5 1 17759599582309981676
7 169 1 1 9339512652453242670
7 170 6 1 14635458573977612405
7 171 0 1 13273192362623128494
7 172 2 1 7419053614262815071
7 173 5 1 2139880725825605974
7 174 3 1 15336265650071823816
7 175 5 1 6291952205449675957
7 176 4 1 14977329074317573394
7 177 4 1 4364768269648744391
7 178 1 1 17232241565077788317
7 179 6 1 8450549923677533764
7 180 2 1 15732483035355013039
7 181 6 1 13831185231495622915
7 182 2 1 6819123640184841760
7 183 3 1 11886944798543888851
7 184 1 1 10879889186777890996
7 185 0 1 15555433551230813341
7 186 0 1 105259452319848079
7 187 3 1 3441909642659419332
7 188 2 1 5480947869602487239
7 189 2 1 6247709904124292706
7 190 0 1 13391610271247915041
7 191 6 1 18346462037123761313
7 192 1 1 16636317150577797347
7 193 3 1 14149179703416851896
7 194 1 1 2376171948756359367
7 195 6 1 5152472389910152792
7 196 5 1 2368047066677070121
7 197 5 1 16396163399604156946
7 198 1 1 14864288050288048653
7 199 4 1 7393398358587456124
7 200 3 1 9728143941576351989
7 201 0 1 5481913815176021747
7 202 1 1 16927964714362701213
7 203 5 1 14993236783745363262
7 204 6 1 9552302871570670457
7 205 4 1 11071069341174528295
7 206 2 1 15381321939083200837
7 207 4 1 8816171210895558106
7 208 1 1 6071991122052964372
7 209 0 1 10925078611503375837
7 210 0 1 15239629154712277871
7 211 4 1 8615167154188153180
7 212 1 1 4917230293625512515
7 213 5 1 14895742215835130464
7 214 4 1 2359753755290725009
7 215 5 1 6783321469015983851
7 216 6 1 360705462143558065
7 217 5 1 2287732638733919300
7 218 3 1 2984153050512747353
7 219 6 1 8021412450653308816
7 220 2 1 12759258587083258672
7 221 2 1 1585563973173997547
7 222 0 1 18209504305389149669
7 223 0 1 11416757620121532143
7 224 4 1 6846989578536141166
7 225 1 1 4365862612957164362
7 226 6 1 2931876801952518067
7 227 1 1 680191398818283694
7 228 3 1 1834352496547951770
7 229 5 1 12616538556720116808
7 230 6 1 17563613795929063197
7 231 4 1 14519515363534791688
7 232 0 1 4349527158980778739
7 233 2 1 6714794984698083967
7 234 4 1 6696141578113299617
7 235 1 1 17231874453010340947
7 236 4 1 18425812703539835928
7 237 1 1 3707544366662920973
7 238 6 1 10197276740411893574
7 239 2 1 12864434420502416888
7 240 4 1 12767250491273234520
7 241 5 1 1588549204908870909
7 242 4 1 6610295429674120152
7 243 1 1 5281895767268096036
7 244 6 1 1739897672032589486
7 245 0 1 17406469206626426854
7 246 2 1 8710378533013875691
7 247 1 1 9587926405039941516
7 248 4 1 2805299725371867574
7 249 5 1 7146901261023555807
7 250 4 1 1825062423171923931
7 251 4 1 3049052876249887095
7 252 0 1 10771741767689142181
7 253 6 1 8733642741329011601
7 254 2 1 11979515434717210935
7 255 4 1 10043245691272652957
7 256 2 1 5830279975302858953
7 257 4 1 17190113074333440499
7 258 3 1 18260575806620923460
7 259 2 1 14335648769917655401
7 260 2 1 4153816861017702156
7 261 0 1 14590500750979768984
7 262 5 1 810991542442466488
7 263 0 1 7089785717813579612
7 264 6 1 12357837562747114001
7 265 0 1 5554121432788679660
7 266 0 1 5931025703748246718
7 267 3 1 2097835176693352889
7 268 5 1 12745618408404359587
7 269 5 1 6090924568528767236
7 270 0 1 14734637834598564704
7 271 4 1 14439652293742648615
7 272 2 1 132405348116615733
7 273 6 1 13869945305505934743
7 274 4 1 7372953811704808036
7 275 6 1 7756437368369298361
7 276 2 1 3794582695199039623
7 277 5 1 12917619229835701974
7 278 5 1 14320084076906478671
7 279 2 1 2606626751703588462
7 280 2 1 3137561743724131360
7 281 3 1 13808802441028589896
7 282 2 1 14231944027275971054
7 283 3 1 16852581317945783254
7 284 6 1 10323673491841952054
7 285 3 1 2313335010769237820
7 286 3 1 13955532667350441768
7 287 0 1 5747153089934705338
7 288 1 1 13377135145695875091
7 289 4 1 6830230899286657495
7 290 5 1 81856298782858401
7 291 0 1 1754724887913860152
7 292 2 1 13750479713795882912
7 293 5 1 11120120136303124367
7 294 3 1 15046307382468953177
7 295 2 1 3696979254055818020
7 296 4 1 15352898388246644384
7 297 2 1 1024778962410818770
7 298 5 1 2388728043318081123
7 299 6 1 6871857727931721608
7 300 2 1 17721619206096294273
7 301 1 1 10585202864517959301
7 302 5 1 10898249199547365704
7 303 6 1 9663430180652362739
7 304 3 1 1737102419936989910
7 305 2 1 5117227310201589790
7 306 0 1 16884367896390523102
7 307 5 1 10498150099412419335
7 308 2 1 1921007855220546564
7 309 5 1 7643484074408755248
7 310 4 1 11318429053286342939
7 311 5 1 1370093900783164344
7 312 6 1 6776537281339823025
7 313 0 1 3450492372588984223
7 314 4 1 9401014545757436331
7 315 0 1 7896519943553875907
7 316 1 1 14303443932332314010
7 317 5 1 281238069833157985
7 318 5 1 9628364435514671685
7 319 2 1 1035647896705322917
7 320 3 1 940113500519447970
7 321 3 1 12858978713386075837
7 322 3 1 2103046007104782505
7 323 2 1 1170332608028903179
7 324 1 1 6569179731999105361
7 325 4 1 9795365446060253382
7 326 3 1 3663276878692063340
7 327 6 1 11746321300354091749
7 328 2 1 5408361990473950532
7 329 5 1 9735653452670998906
7 330 6 1 4324195634733601175
7 331 0 1 9037136744494003310
7 332 3 1 10715330324656609711
7 333 2 1 3474343689175121886
7 334 0 1 5794004792094061662
7 335 5 1 13295581273946061060
7 336 5 1 7292949743142825837
7 337 5 1 10886028626057941279
7 338 4 1 10688849249577735178
7 339 6 1 17297010345160851373
7 340 0 1 13658139148821214513
7 341 1 1 4468290234101910565
7 342 2 1 9583516840381960864
7 343 4 1 2100818272677130469
7 344 5 1 3835407486618772476
7 345 2 1 11687972045781987867
7 346 5 1 2584265809482868424
7 347 0 1 2184370854727222683
7 348 5 1 17762352308671769689
7 349 6 1 10901114407297935135
7 350 3 1 17932666452350314317
7 351 4 1 14800534017102555607
7 352 0 1 16233839909626358812
7 353 1 1 1704089397092793640
7 354 6 1 2891239861334407450
7 355 3 1 18077585692287687954
7 356 4 1 2363047449739120434
7 357 1 1 5904357530901606076
7 358 2 1 16765772907460692007
7 359 1 1 8757786729323486734
7 360 3 1 3706883612695347371
7 361 3 1 14958907430930711064
7 362 0 1 9624134580897548276
7 363 0 1 10298009507777483067
7 364 1 1 5667412839234900228
7 365 3 1 6828701555684071915
7 366 3 1 10482797977665945217
7 367 5 1 13440894740881464138
7 368 3 1 12078258924098889769
7 369 1 1 5740761565098658841
7 370 0 1 13914375003115830180
7 371 1 1 16808960379045776034
7 372 1 1 18421450170384511575
7 373 2 1 16478974619417516521
7 374 5 1 14381565232287562804
7 375 5 1 12792472782420522791
7 376 4 1 6620422687983566193
7 377 2 1 12025299949416885293
7 378 5 1 6046334025019123
7 379 4 1 16769051888439418536
7 380 5 1 10312203372653850423
7 381 5 1 720028297035890629
7 382 6 1 6441255456466558203
7 383 4 1 9874005816230679263
7 384 1 1 15903170012916142038
7 385 0 1 7557768652767625223
7 386 1 1 17626605079857371651
7 387 5 1 9092603716684679963
7 388 5 1 15518831173015579794
7 389 2 1 300798272301981904
7 390 6 1 13762040857722893585
7 391 3 1 3117104080838901168
7 392 2 1 4702649037537941245
7 393 2 1 14408238429167682374
7 394 1 1 17923200330177894118
7 395 0 1 7470538549881440849
7 396 6 1 3664543122474851710
7 397 0 1 17626200978883719521
7 398 6 1 15355649603762884691
7 399 1 1 4749231114166154448
7 400 0 1 11220859020615935192
7 401 4 1 4740127963151294603
7 402 5 1 16616708905207951068
7 403 1 1 9828299274924872726
7 404 2 1 8985762004928355786
7 405 5 1 14578866413196595465
7 406 0 1 11009044264074492189
7 407 1 1 16196760954725621137
7 408 5 1 10725252972011913420
7 409 3 1 4601011175737567235
7 410 1 1 1441938685024169613
7 411 5 1 1896485105672535586
7 412 3 1 6635496128279078494
7 413 4 1 7401072902622950072
7 414 0 1 16075245295895555285
7 415 5 1 11009539992705810569
7 416 6 1 13666961049432909413
7 417 4 1 930044899627839572
7 418 6 1 7899294831116079515
7 419 1 1 7830402010660588539
7 420 2 1 5485720725031791061
7 421 0 1 17051528642209786987
7 422 2 1 7280223907880312904
7 423 4 1 10641556535303807158
7 424 5 1 12639056541805784436
7 425 2 1 12321318600465693220
7 426 4 1 10108223508416203621
7 427 1 1 16243972184205577210
7 428 2 1 8544062083712081766
7 429 0 1 11274622334580836223
7 430 1 1 10844017387984539333
7 431 6 1 14774228730866078526
7 432 1 1 560237794062265107
7 433 0 1 5844494700804214355
7 434 0 1 12270220729021534083
7 435 3 1 8560016492134621125
7 436 0 1 12198417933760222474
7 437 5 1 10133839346494565561
7 438 0 1 9295901871619786454
7 439 6 1 10849442312533122519
7 440 6 1 18021432643418872607
7 441 6 1 10155396024449547909
7 442 0 1 10524212640889309144
7 443 1 1 16662796689072019468
7 444 1 1 965963318619140447
7 445 2 1 8887484786999567242
7 446 1 1 15714444653107301219
7 447 1 1 1678356452623540647
7 448 0 1 11052117692502964420
7 449 5 1 14549914962216724919
7 450 3 1 2062106447906584711
7 451 4 1 9160372737526136799
7 452 4 1 408961132483689555
7 453 2 1 16057982805180036489
7 454 0 1 3569128826873655261
7 455 3 1 9330490631980133992
7 456 5 1 1176328083272936519
7 457 0 1 11222898184704497134
7 458 5 1 9302091588024171405
7 459 5 1 10671057562378043302
7 460 6 1 4098229850247478874
7 461 0 1 8603114141751656125
7 462 5 1 5095034292565071557
7 463 3 1 17972196540767155575
7 464 3 1 17052421619317624598
7 465 1 1 1582078615100434096
7 466 1 1 12012345949788712038
7 467 0 1 16161371278263065802
7 468 3 1 2541771182459136706
7 469 1 1 4555228648728151989
7 470 3 1 8434259952664443907
7 471 2 1 11417314755930316675
7 472 2 1 4859944209493970278
7 473 0 1 3960064386733120970
7 474 2 1 831798891742765072
7 475 2 1 15333350611999607709
7 476 3 1 16195235791627584805
7 477 0 1 11597945977924582290
7 478 4 1 5623573319924035254
7 479 5 1 11517834322140013944
7 480 1 1 4133597640080778846
7 481 2 1 5871425684860123605
7 482 3 1 1689282515842046354
7 483 0 1 12636468992840026995
7 484 6 1 14838814546330146559
7 485 3 1 521771145052581487
7 486 3 1 2880434048302248640
7 487 1 1 8371131723257691693
7 488 0 1 14881811984607317690
7 489 2 1 1324986559026356337
7 490 3 1 15096177686518116013
7 491 5 1 4421234407032663127
7 492 0 1 14405416956529710514
7 493 2 1 3720189381923668652
7 494 4 1 409223713688462738
7 495 4 1 9606291214917499037
7 496 0 1 9223836018030016969
7 497 2 1 190459553092726002
7 498 4 1 12216883190512504355
7 499 4 1 2445407445757699168
7 500 1 1 4632853494959579227
7 501 6 1 13184809158706083946
7 502 5 1 5787237245171889527
7 503 1 1 10294885203231741175
7 504 4 1 4191072920233802133
7 505 4 1 4291939441266046279
7 506 2 1 16375865614446560083
7 507 3 1 8623994097296487259
7 508 1 1 15309273767847758202
7 509 5 1 9397335507036899909
7 510 4 1 6747046333776906674
7 511 6 1 13832845734789247298
7 512 3 1 7019441607318179720
7 513 3 1 10005910351872177492
7 514 6 1 4145022192145704170
7 515 1 1 4353043221960833896
7 516 2 1 8973895156742077167
7 517 6 1 438950987149754489
7 518 4 1 2185272607213603213
7 519 4 1 8466605802960622962
7 520 5 1 12110999198806592422
7 521 6 1 11821045514824268224
7 522 0 1 10878266882585355136
7 523 3 1 11760743717116988087
7 524 5 1 4184976790109698342
7 525 5 1 18330309416210613006
7 526 5 1 1107206443001387417
7 527 6 1 79384941109554222
7 528 6 1 9163366224008952362
7 529 2 1 3321824684344751056
7 530 1 1 3693723307432954164
7 531 1 1 6079394558849393056
7 532 0 1 11401125038466760935
7 533 3 1 3656219353656357222
7 534 3 1 1735342045865967049
7 535 0 1 4042759343240967690
7 536 3 1 12711975181279962687
7 537 5 1 9500297538285176400
7 538 2 1 15298274009373410204
7 539 3 1 9806309365986113958
7 540 1 1 10640867530898511005
7 541 2 1 17462737140104853956
7 542 5 1 4414872795937286161
7 543 0 1 14852747253248972903
7 544 4 1 15278706409822090441
7 545 2 1 6433625831299907179
7 546 3 1 3321907667985685429
7 547 0 1 11390693584827212740
7 548 0 1 11529629266037992234
7 549 0 1 10328859824139248147
7 550 4 1 16428469301035734767
7 551 6 1 17926643922068445985
7 552 2 1 705326063324784242
7 553 4 1 8105287564212541268
7 554 0 1 15433828269766668455
7 555 4 1 3714790519415313767
7 556 4 1 5417718938962187987
7 557 1 1 7847045502609209896
7 558 5 1 8025090526912661197
7 559 4 1 2234136672994823541
7 560 5 1 16041001438425499955
7 561 6 1 10050820915370092068
7 562 4 1 14731208739754682952
7 563 3 1 9320476318639351023
7 564 4 1 14993011533295358880
7 565 6 1 4179632880986595543
7 566 6 1 8947621078428360390
7 567 5 1 14715184767037401701
7 568 2 1 2617407252848328649
7 569 5 1 4818108510694228841
7 570 0 1 3602814087839803186
7 571 2 1 14679368779377024657
7 572 1 1 7354547195052671772
7 573 4 1 453184876960970470
7 574 5 1 15781004944602184656
7 575 6 1 12000277437894508493
7 576 5 1 14990587330205222466
7 577 3 1 13913588124149397652
7 578 0 1 14252160166631667289
7 579 1 1 1532590395334038243
7 580 6 1 10283229111568663870
7 581 6 1 17325140074534683390
7 582 3 1 15829693190940193580
7 583 6 1 7621681592523599724
7 584 0 1 10682206684717316020
7 585 5 1 1847393779801417006
7 586 2 1 3066262069769536156
7 587 5 1 14633662576956154615
7 588 4 1 15324290530255177253
7 589 5 1 14627271171597064522
7 590 6 1 14334883061544405592
7 591 6 1 12329324284039697670
7 592 3 1 14425669906700626239
7 593 0 1 4967072546582904838
7 594 3 1 11336784484312139551
7 595 4 1 9293117687355182150
7 596 1 1 18198595579111618687
7 597 6 1 3236555730692485133
7 598 5 1 3659681352365625914
7 599 5 1 5185822088933195476
7 600 3 1 1820961806679957133
7 601 1 1 5103404090674191862
7 602 4 1 16176358349875499548
7 603 1 1 15699479324816269479
7 604 4 1 6929077312607579230
7 605 3 1 7724671543660786314
7 606 0 1 15226863704421704735
7 607 0 1 10411799650043017788
7 608 5 1 2743533500235068318
7 609 0 1 7917895244279791454
7 610 3 1 9194839772540541837
7 611 3 1 8170679394364395846
7 612 4 1 2830213237197365734
7 613 4 1 7353896603754987224
7 614 0 1 17634372441601249827
7 615 5 1 8515117661105161813
7 616 4 1 5818937363197514778
7 617 5 1 8536843065945835629
7 618 1 1 2920190566549352463
7 619 0 1 4206179361653770600
7 620 4 1 15470355568872211976
7 621 2 1 8427825008315838911
7 622 5 1 5786540713287383830
7 623 5 1 15547153445796060183
7 624 2 1 12329720415526259303
7 625 6 1 5557519966701086911
7 626 4 1 17778904544770937806
7 627 1 1 17514165232876376499
7 628 2 1 17788126989478779154
7 629 4 1 17150186057659184837
7 630 0 1 96482940290395907
7 631 0 1 5391763100021787727
7 632 5 1 13311921842198397018
7 633 5 1 212666859219880844
7 634 1 1 17021563369181645958
7 635 4 1 11336487866339302675
7 636 3 1 9141466969851850320
7 637 6 1 15662548514627491449
7 638 1 1 7860565965198889264
7 639 1 1 13899151565605256321
7 640 4 1 13381351357933618242
7 641 5 1 14888589325358078776
7 642 5 1 8892463471491396086
7 643 0 1 15103645417329254911
7 644 0 1 5461076326426815327
7 645 2 1 1842242118931503497
7 646 6 1 4404875173572687401
7 647 4 1 13971514988681285540
7 648 4 1 17325818256926300242
7 649 1 1 15093194250549176553
7 650 4 1 2037055123708268678
7 651 0 1 16257942776085749532
7 652 6 1 10590700494563920368
7 653 2 1 9510359897405254265
7 654 1 1 14355127120473277462
7 655 1 1 17727696335014918206
7 656 2 1 5852409884542362577
7 657 6 1 15296449745630772621
7 658 5 1 15183080793648581194
7 659 0 1 16672300287494724460
7 660 2 1 13969062191570534211
7 661 4 1 9287911224447475220
7 662 4 1 8201339388669403090
7 663 3 1 6896471492123786378
7 664 2 1 17836899414146968932
7 665 4 1 18212192901661339968
7 666 6 1 13589433629948059304
7 667 4 1 11028761701391980161
7 668 4 1 6774257768766057466
7 669 0 1 12173254712476586450
7 670 2 1 12848080044100037611
7 671 0 1 8528727180962924144
7 672 0 1 1419515180397454273
7 673 2 1 14756964613420120449
7 674 4 1 5897971337265509756
7 675 1 1 7895151636400005603
7 676 1 1 12470640271491881548
7 677 1 1 1601970429693801261
7 678 4 1 15095880759160767112
7 679 0 1 9199134360165595311
7 680 0 1 3011979166743445660
7 681 1 1 12194258846860258337
7 682 1 1 3655956427657893470
7 683 5 1 2336006494839215747
7 684 2 1 14852738832219225696
7 685 0 1 980198724853947166
7 686 6 1 15813714724821744703
7 687 5 1 791599627749143069
7 688 1 1 7348649629500435093
7 689 6 1 15262170387612229708
7 690 2 1 15303522042429377318
7 691 1 1 8425613881574971669
7 692 4 1 15801520478161584059
7 693 2 1 14074339996639769183
7 694 6 1 11257371430211006951
7 695 0 1 13402846107666422911
7 696 1 1 6626174270103647993
7 697 6 1 14681865631183261473
7 698 5 1 4451829808427344249
7 699 2 1 5724496674828323027
7 700 4 1 14972202730373011904
7 701 2 1 11481387700399791014
7 702 4 1 17251674197980054589
7 703 5 1 1838448127446963389
7 704 0 1 1207376433173020767
7 705 1 1 9073502573042965711
7 706 1 1 13838468943242852421
7 707 1 1 5020402172333584866
7 708 3 1 1289816897702617855
7 709 4 1 16074253538753775279
7 710 6 1 2848619861528754568
7 711 6 1 5973640488400207347
7 712 2 1 3071333206607986706
7 713 3 1 12888295794552218363
7 714 1 1 5137015169022219459
7 715 3 1 6855845130657996130
7 716 4 1 13509486497434551605
7 717 1 1 3108141178579225625
7 718 6 1 11547672040624451730
7 719 0 1 8228290404814299648
7 720 1 1 556050802577131935
7 721 6 1 1291564719606180243
7 722 3 1 12244181387410231701
7 723 6 1 278862824664555643
7 724 5 1 15819233907350967248
7 725 6 1 17068340672410761541
7 726 6 1 18086332283553587440
7 727 5 1 315661412098236862
7 728 2 1 2955724640055190386
7 729 5 1 13784171517969596718
7 730 5 1 1290092202280378555
7 731 6 1 16592960356544350813
7 732 5 1 16858716830044052167
7 733 0 1 897800245874941430
7 734 2 1 13540719245109081222
7 735 0 1 1083645675370617492
7 736 6 1 1386604666325681943
7 737 0 1 15322508077521817796
7 738 1 1 17200996622826525908
7 739 4 1 377359248448239623
7 740 1 1 903752203431456047
7 741 4 1 5917034777147383262
7 742 4 1 14427307358937396394
7 743 5 1 7312697203701764121
7 744 6 1 16205567221211754073
7 745 3 1 2397860267640591749
7 746 0 1 7771620645425797965
7 747 3 1 4628927853429026927
7 748 6 1 10814117705525372791
7 749 2 1 1781328114115837238
7 750 3 1 8047892713447387890
7 751 3 1 14325316982420673798
7 752 2 1 307254776259779147
7 753 5 1 18088484138876255865
7 754 4 1 6235903010317883578
7 755 4 1 4576014393928771646
7 756 1 1 11902339501721522128
7 757 4 1 11466077100832512450
7 758 4 1 1320279640819393445
7 759 3 1 7149459462530810516
7 760 0 1 17183597293436304345
7 761 0 1 10494281344202625434
7 762 3 1 15351591175592386700
7 763 6 1 6787100053213878886
7 764 5 1 4662750932232247137
7 765 4 1 9155970812684385713
7 766 5 1 16135661826301908461
7 767 4 1 18304055221177982100
7 768 3 1 9416630457538799891
7 769 2 1 14565714036259547408
7 770 3 1 1567015689328697302
7 771 2 1 6354592639376292074
7 772 5 1 17850376331797597416
7 773 3 1 10659961423006612289
7 774 2 1 17519724454480552469
7 775 5 1 11678126474628634190
7 776 4 1 1758403873368227086
7 777 1 1 15990654484983665543
7 778 0 1 11214965843994241271
7 779 4 1 12011525616758716968
7 780 6 1 10447121228281024024
7 781 2 1 2305551614414338365
7 782 6 1 16044382098030270132
7 783 4 1 12224093843246544395
7 784 4 1 16482020615341119088
7 785 4 1 10963267852467973529
7 786 3 1 17349096433594909876
7 787 0 1 12720620716465149679
7 788 4 1 16276416704186986927
7 789 3 1 9749492746774307320
7 790 3 1 4878537625661881849
7 791 2 1 3596658220251367324
7 792 0 1 1250366616134450842
7 793 0 1 6810591609326569041
7 794 0 1 3598393359978582179
7 795 0 1 12253949833836762468
7 796 4 1 12506534045411421786
7 797 4 1 5579778259811453914
7 798 5 1 9776215669441974360
7 799 6 1 2458400878391347086
7 800 3 1 8348402873370648617
7 801 1 1 7121289029007601878
7 802 5 1 12229263687747326448
7 803 5 1 17037102369907624029
7 804 4 1 4480768498551219639
7 805 5 1 2055333633189980498
7 806 0 1 1996380200405366126
7 807 5 1 16269828220783280610
7 808 6 1 2087527536209518012
7 809 4 1 15824764389964056849
7 810 0 1 2567742633386698867
7 811 1 1 712225451323391987
7 812 6 1 8933753793270353555
7 813 2 1 13585078573555411625
7 814 1 1 867327728114824049
7 815 2 1 7583624842930804212
7 816 6 1 3377553416701167536
7 817 6 1 16921474325853581610
7 818 0 1 16140895111948716532
7 819 1 1 12207578918983470422
7 820 4 1 1646174217514160398
7 821 0 1 1607026980068118758
7 822 1 1 13303437415396801338
7 823 6 1 12587920481280066999
7 824 5 1 13987107713225334715
7 825 1 1 4992520640352863728
7 826 1 1 7263447506959407124
7 827 1 1 5199858030989230147
7 828 3 1 9061431503722510949
7 829 5 1 14400252600937389012
7 830 1 1 5744796948459454394
7 831 6 1 10292591259771880588
7 832 4 1 1721312458226718226
7 833 1 1 16635218433302059851
7 834 1 1 11656534395951367480
7 835 4 1 3706250251522790279
7 836 1 1 13109149372599278855
7 837 0 1 15782623443980200467
7 838 3 1 16550074045325605656
7 839 6 1 8552238076040605299
7 840 5 1 9482885590978036086
7 841 5 1 9671478455262059566
7 842 0 1 10893144584594332227
7 843 5 1 16019322840413540987
7 844 3 1 8296393284743045220
7 845 3 1 17938815114635715205
7 846 1 1 6264829385778688153
7 847 1 1 1851240405679727308
7 848 5 1 8252127944258078957
7 849 3 1 278628055251899660
7 850 4 1 17284352895107447551
7 851 3 1 1917595448595108230
7 852 1 1 4194184253204412852
7 853 5 1 6053135762636289112
7 854 4 1 17829479236593827180
7 855 1 1 17138125122391290546
7 856 1 1 12701771613115087757
7 857 4 1 15851635548108017237
7 858 5 1 15429185374696762248
7 859 4 1 1092543755026054444
7 860 0 1 11339471547318422768
7 861 5 1 5928009338273096310
7 862 6 1 15799438807585898358
7 863 0 1 7759398761882215565
7 864 5 1 6631869218547533701
7 865 2 1 1467136438670102142
7 866 1 1 8634286993913126889
7 867 5 1 1625376813926906406
7 868 6 1 11217810185908857400
7 869 4 1 8625591546392093923
7 870 0 1 17296397694263603933
7 871 3 1 15605747394391364522
7 872 2 1 1662045846911902792
7 873 2 1 17127000247114321803
7 874 6 1 8356660387712428204
7 875 1 1 1918485604873496907
7 876 0 1 2370571666901420648
7 877 4 1 15787385066387380099
7 878 0 1 5464477678597110906
7 879 3 1 11425249858769946518
7 880 2 1 6591019215869863149
7 881 3 1 9479744778601152624
7 882 4 1 15172779966452753614
7 883 3 1 7752719149069356364
7 884 4 1 18415611086810130089
7 885 0 1 17283471393219112121
7 886 6 1 12355267205606811577
7 887 0 1 635145025396992592
7 888 1 1 5396237116775390812
7 889 4 1 3552831403988064335
7 890 1 1 14168163303014268947
7 891 0 1 12627213986475551446
7 892 3 1 15759311136550812405
7 893 2 1 1626935584364203400
7 894 6 1 9310496835576179512
7 895 0 1 6245520276975783671
7 896 6 1 7024663181048246622
7 897 0 1 3427477009023336836
7 898 5 1 2933969795091320036
7 899 3 1 2151226409008220811
7 900 1 1 11539738627618492576
7 901 2 1 13725329897058492021
7 902 6 1 7498965915916310645
7 903 1 1 10290852052645224423
7 904 4 1 6604848973131369881
7 905 3 1 15811231974215060058
7 906 0 1 2271887981598533043
7 907 5 1 3594314518191525754
7 908 1 1 17149519013436525742
7 909 2 1 8679304823079730570
7 910 6 1 13578822930296496311
7 911 0 1 7091768012700047649
7 912 1 1 3785057672906901675
7 913 4 1 4236181286844492290
7 914 3 1 8508302517230928544
7 915 0 1 7300358184937218339
7 916 1 1 12384908352232692669
7 917 0 1 12492744495972933877
7 918 1 1 7314891822313963191
7 919 1 1 8324938997494297354
7 920 0 1 5209197900603935779
7 921 4 1 2658432712832078185
7 922 6 1 5318876851637134397
7 923 5 1 16575705827128833203
7 924 2 1 10064850062465251207
7 925 1 1 4212292470574654048
7 926 4 1 14980416404180533629
7 927 1 1 16757608328210085737
7 928 4 1 2318174214965864870
7 929 2 1 11090483489978208173
7 930 6 1 4454423999516879015
7 931 3 1 16112997200825396525
7 932 4 1 6280448590284782941
7 933 5 1 9633346215123474089
7 934 0 1 4043276543108671776
7 935 0 1 5617487009102249240
7 936 4 1 5876783769254797390
7 937 0 1 12282204452000419979
7 938 1 1 11539547785106538148
7 939 1 1 7026195643862072596
7 940 4 1 3299214246762090106
7 941 4 1 12374300965992954143
7 942 6 1 6758847474999357295
7 943 1 1 15792537753857445948
7 944 4 1 17507047352822497538
7 945 0 1 12191874001355785115
7 946 1 1 13766936657810901564
7 947 6 1 6187579338224863221
7 948 1 1 575235837446271943
7 949 5 1 3941374392937187760
7 950 5 1 12518650711486048524
7 951 0 1 4818749123633553555
7 952 2 1 2958342177660858065
7 953 2 1 3745796037585186959
7 954 6 1 9797933292464336113
7 955 6 1 15543349084849553232
7 956 0 1 486551758244958240
7 957 2 1 10593020500469347495
7 958 0 1 6369600516659338451
7 959 0 1 9007750655643717510
7 960 5 1 17785627354791621201
7 961 0 1 14764033308265707661
7 962 1 1 18034000857235843178
7 963 0 1 16557096199299614580
7 964 6 1 2437200641143386748
7 965 1 1 10182421626449994068
7 966 2 1 75625115684404924
7 967 3 1 6127271793307871498
7 968 0 1 11214820889151820355
7 969 0 1 12416802602799347959
7 970 0 1 1548125927064443941
7 971 0 1 10690183998159090903
7 972 2 1 10911454061780779591
7 973 6 1 17091566498439379262
7 974 0 1 13151991451832194121
7 975 3 1 11968421298731076421
7 976 5 1 7281465657596491640
7 977 1 1 16882855184145485567
7 978 2 1 16502249339396824566
7 979 3 1 3454458562438881671
7 980 2 1 5912850829099334963
7 981 1 1 5330146666763391722
7 982 4 1 8451916490946969729
7 983 4 1 6215268879167456629
7 984 1 1 9983414677725534452
7 985 1 1 1533824374095340090
7 986 3 1 11273301590638124495
7 987 2 1 888171466822353933
7 988 2 1 12600073355339343855
7 989 0 1 10435556484299784260
7 990 6 1 4932808928766631330
7 991 5 1 15166592873301253506
7 992 1 1 6396823673282492139
7 993 3 1 14209064470829046875
7 994 3 1 6577114328647476307
7 995 6 1 1197590027279852334
7 996 6 1 17587678522946712038
7 997 3 1 15126029715399578860
7 998 0 1 57675930565383847
7 999 3 1 10193180073869439881
8 0 6 1 14514284786278117030
8 1 4 1 4620546740167642908
8 2 0 1 13109570281517897720
8 3 2 1 17462938647148434322
8 4 4 1 355488278567739596
8 5 6 1 7469126240319926998
8 6 1 1 4635995468481642529
8 7 6 1 418970542659199878
8 8 4 1 9604170989252516556
8 9 2 1 6358044926049913402
8 10 1 1 5058016125798318033
8 11 7 1 10349215569089701407
8 12 0 1 2583272014892537200
8 13 3 1 10032373690199166667
8 14 4 1 9627645531742285868
8 15 0 1 15810285301089087632
8 16 2 1 9219209713614924562
8 17 7 1 7736011505917826031
8 18 5 1 13729552270962724157
8 19 1 1 4596340717661012313
8 20 2 1 4413874586873285858
8 21 6 1 5904155143473820934
8 22 1 1 16795776195466785825
8 23 6 1 3040631852046752166
8 24 7 1 4529279813148173111
8 25 5 1 3658352497551999605
8 26 6 1 13205889818278417278
8 27 2 1 17853215078830450730
8 28 4 1 14193508720503142180
8 29 1 1 1488787817663097441
8 30 4 1 8484116316263611556
8 31 2 1 4745643133208116498
8 32 5 1 14333959900198994173
8 33 6 1 10770733876927207790
8 34 4 1 17529942701849009476
8 35 3 1 8081518017574486547
8 36 6 1 5945178879512507902
8 37 0 1 9821139136195250096
8 38 2 1 4728986788662773602
8 39 0 1 840062144447779464
8 40 4 1 9315169977352719788
8 41 6 1 12843335216705846126
8 42 0 1 1682692516156909696
8 43 4 1 16733405176195045732
8 44 4 1 570275675392078508
8 45 2 1 2804578118555336986
8 46 4 1 18105853946332827420
8 47 5 1 11444576169427052165
8 48 7 1 5511269538150904327
8 49 5 1 6665263661402689669
8 50 1 1 8872308438533970361
8 51 1 1 5494304472256329401
8 52 2 1 5260777597240341458
8 53 0 1 17048363385688465216
8 54 4 1 11601203342555724204
8 55 6 1 13927871433293278342
8 56 1 1 13168989862813642697
8 57 4 1 13332527631701716084
8 58 5 1 1288265801825883165
8 59 5 1 8980511589347843149
8 60 0 1 1639193574298669424
8 61 1 1 14012553476551396225
8 62 5 1 7818048564976445173
8 63 2 1 11012385938523194722
8 64 7 1 1594098091654903511
8 65 3 1 5035242355473277827
8 66 0 1 11507220397369885600
8 67 5 1 4097669440061230013
8 68 7 1 4158775797243890311
8 69 2 1 8008476757622511610
8 70 5 1 18212599999684195413
8 71 5 1 3892070972454396029
8 72 7 1 15739033291548026583
8 73 1 1 5240984520368774617
8 74 4 1 15428220128146522508
8 75 5 1 6764778500174078837
8 76 5 1 17250425930626079997
8 77 5 1 15862445320841941901
8 78 0 1 9055707723866709616
8 79 1 1 407278260229756649
8 80 4 1 6679883267401891436
8 81 6 1 13585010976506536654
8 82 0 1 9580697194899010248
8 83 2 1 7802093638911637786
8 84 3 1 535562807229422763
8 85 4 1 16772549087470588412
8 86 0 1 2069348082463192648
8 87 5 1 18080878539236249869
8 88 1 1 12688200000096479737
8 89 5 1 8989665349769173357
8 90 0 1 13575112928849473200
8 91 0 1 10859033464356012248
8 92 5 1 9748216112997718693
8 93 5 1 8405158063935141693
8 94 5 1 15279502632583570477
8 95 0 1 16055899490125284200
8 96 4 1 9066388900883848980
8 97 5 1 17884680971936629565
8 98 5 1 16395391805201036549
8 99 6 1 2550532686790805254
8 100 2 1 8052938288948613298
8 101 7 1 6344035301348514175
8 102 5 1 2193824757648316037
8 103 7 1 10113332896580941759
8 104 6 1 14001553499759966766
8 105 4 1 597702890888347204
8 106 6 1 1874324574384293454
8 107 2 1 10826913572691111562
8 108 1 1 12821185545071087721
8 109 1 1 14606566723149387105
8 110 7 1 15679487422249894303
8 111 2 1 16146086267469614290
8 112 0 1 11169330698794304272
8 113 3 1 17590151747242102595
8 114 4 1 18278229723818623796
8 115 5 1 15994633360516603469
8 116 3 1 11881756471423721131
8 117 3 1 11153906733009525059
8 118 3 1 16836145075420168747
8 119 3 1 8614597919830747987
8 120 2 1 1459907787369619658
8 121 4 1 16682004712721580156
8 122 7 1 15261848763679157527
8 123 1 1 2717413695111288049
8 124 7 1 14889665525641206303
8 125 2 1 12338480473037317818
8 126 0 1 2557597240994564872
8 127 7 1 12402353581130313583
8 128 2 1 15355546302939095474
8 129 0 1 17651033590338072704
8 130 7 1 11616809212196625943
8 131 2 1 6561978461173088746
8 132 0 1 5962436378610109024
8 133 6 1 1168012300494473422
8 134 1 1 5175053317267933097
8 135 5 1 4740525681678845797
8 136 0 1 1614376253554691208
8 137 4 1 1358027693590031708
8 138 6 1 1856992378370522222
8 139 7 1 2410813678132517023
8 140 5 1 11582456654366157909
8 141 5 1 5754940895753314317
8 142 7 1 17548218371729667895
8 143 4 1 17945642044770404276
8 144 6 1 3721164045489467070
8 145 3 1 13394551493150992827
8 146 3 1 12475264300415171883
8 147 2 1 10462606688633056562
8 148 7 1 13251365510693735175
8 149 0 1 3876338822302790600
8 150 6 1 13771801863059799470
8 151 7 1 13815564444636394855
8 152 2 1 16495110748802246170
8 153 1 1 2156091871580385249
8 154 2 1 12069080176326280986
8 155 4 1 489805578737239572
8 156 4 1 5271183164515543116
8 157 7 1 11286401144444756863
8 158 0 1 6746000579485080744
8 159 7 1 5186625150343537151
8 160 1 1 13119883039086991857
8 161 2 1 16025170396082521338
8 162 1 1 2259331576759215945
8 163 3 1 16362343102415556603
8 164 1 1 10982898132796723193
8 165 3 1 14666888772828547003
8 166 6 1 10462483830193419334
8 167 5 1 18236154274104239589
8 168 4 1 17759599582309981676
8 169 6 1 9339512652453242670
8 170 5 1 14635458573977612405
8 171 6 1 13273192362623128494
8 172 7 1 7419053614262815071
8 173 6 1 2139880725825605974
8 174 0 1 15336265650071823816
8 175 5 1 6291952205449675957
8 176 2 1 14977329074317573394
8 177 7 1 4364768269648744391
8 178 5 1 17232241565077788317
8 179 4 1 8450549923677533764
8 180 7 1 15732483035355013039
8 181 3 1 13831185231495622915
8 182 0 1 6819123640184841760
8 183 3 1 11886944798543888851
8 184 4 1 10879889186777890996
8 185 5 1 15555433551230813341
8 186 7 1 105259452319848079
8 187 4 1 3441909642659419332
8 188 7 1 5480947869602487239
8 189 2 1 6247709904124292706
8 190 1 1 13391610271247915041
8 191 1 1 18346462037123761313
8 192 3 1 16636317150577797347
8 193 0 1 14149179703416851896
8 194 7 1 2376171948756359367
8 195 0 1 5152472389910152792
8 196 1 1 2368047066677070121
8 197 2 1 16396163399604156946
8 198 5 1 14864288050288048653
8 199 4 1 7393398358587456124
8 200 5 1 9728143941576351989
8 201 3 1 5481913815176021747
8 202 5 1 16927964714362701213
8 203 6 1 14993236783745363262
8 204 1 1 9552302871570670457
8 205 7 1 11071069341174528295
8 206 5 1 15381321939083200837
8 207 2 1 8816171210895558106
8 208 4 1 6071991122052964372
8 209 5 1 10925078611503375837
8 210 7 1 15239629154712277871
8 211 4 1 8615167154188153180
8 212 3 1 4917230293625512515
8 213 0 1 14895742215835130464
8 214 1 1 2359753755290725009
8 215 3 1 6783321469015983851
8 216 1 1 360705462143558065
8 217 4 1 2287732638733919300
8 218 1 1 2984153050512747353
8 219 0 1 8021412450653308816
8 220 0 1 12759258587083258672
8 221 3 1 1585563973173997547
8 222 5 1 18209504305389149669
8 223 7 1 11416757620121532143
8 224 6 1 6846989578536141166
8 225 2 1 4365862612957164362
8 226 3 1 2931876801952518067
8 227 6 1 680191398818283694
8 228 2 1 1834352496547951770
8 229 0 1 12616538556720116808
8 230 5 1 17563613795929063197
8 231 0 1 14519515363534791688
8 232 3 1 4349527158980778739
8 233 7 1 6714794984698083967
8 234 1 1 6696141578113299617
8 235 3 1 17231874453010340947
8 236 0 1 18425812703539835928
8 237 5 1 3707544366662920973
8 238 6 1 10197276740411893574
8 239 0 1 12864434420502416888
8 240 0 1 12767250491273234520
8 241 5 1 1588549204908870909
8 242 0 1 6610295429674120152
8 243 4 1 5281895767268096036
8 244 6 1 1739897672032589486
8 245 6 1 17406469206626426854
8 246 3 1 8710378533013875691
8 247 4 1 9587926405039941516
8 248 6 1 2805299725371867574
8 249 7 1 7146901261023555807
8 250 3 1 1825062423171923931
8 251 7 1 3049052876249887095
8 252 5 1 10771741767689142181
8 253 1 1 8733642741329011601
8 254 7 1 11979515434717210935
8 255 5 1 10043245691272652957
8 256 1 1 5830279975302858953
8 257 3 1 17190113074333440499
8 258 4 1 18260575806620923460
8 259 1 1 14335648769917655401
8 260 4 1 4153816861017702156
8 261 0 1 14590500750979768984
8 262 0 1 810991542442466488
8 263 4 1 7089785717813579612
8 264 1 1 12357837562747114001
8 265 4 1 5554121432788679660
8 266 6 1 5931025703748246718
8 267 1 1 2097835176693352889
8 268 3 1 12745618408404359587
8 269 4 1 6090924568528767236
8 270 0 1 14734637834598564704
8 271 7 1 14439652293742648615
8 272 5 1 132405348116615733
8 273 7 1 13869945305505934743
8 274 4 1 7372953811704808036
8 275 1 1 7756437368369298361
8 276 7 1 3794582695199039623
8 277 6 1 12917619229835701974
8 278 7 1 14320084076906478671
8 279 6 1 2606626751703588462
8 280 0 1 3137561743724131360
8 281 0 1 13808802441028589896
8 282 6 1 14231944027275971054
8 283 6 1 16852581317945783254
8 284 6 1 10323673491841952054
8 285 4 1 2313335010769237820
8 286 0 1 13955532667350441768
8 287 2 1 5747153089934705338
8 288 3 1 13377135145695875091
8 289 7 1 6830230899286657495
8 290 1 1 81856298782858401
8 291 0 1 1754724887913860152
8 292 0 1 13750479713795882912
8 293 7 1 11120120136303124367
8 294 1 1 15046307382468953177
8 295 4 1 3696979254055818020
8 296 0 1 15352898388246644384
8 297 2 1 1024778962410818770
8 298 3 1 2388728043318081123
8 299 0 1 6871857727931721608
8 300 1 1 17721619206096294273
8 301 5 1 10585202864517959301
8 302 0 1 10898249199547365704
8 303 3 1 9663430180652362739
8 304 6 1 1737102419936989910
8 305 6 1 5117227310201589790
8 306 6 1 16884367896390523102
8 307 7 1 10498150099412419335
8 308 4 1 1921007855220546564
8 309 0 1 7643484074408755248
8 310 3 1 11318429053286342939
8 311 0 1 1370093900783164344
8 312 1 1 6776537281339823025
8 313 7 1 3450492372588984223
8 314 3 1 9401014545757436331
8 315 3 1 7896519943553875907
8 316 2 1 14303443932332314010
8 317 1 1 281238069833157985
8 318 5 1 9628364435514671685
8 319 5 1 1035647896705322917
8 320 2 1 940113500519447970
8 321 5 1 12858978713386075837
8 322 1 1 2103046007104782505
8 323 3 1 1170332608028903179
8 324 1 1 6569179731999105361
8 325 6 1 9795365446060253382
8 326 4 1 3663276878692063340
8 327 5 1 11746321300354091749
8 328 4 1 5408361990473950532
8 329 2 1 9735653452670998906
8 330 7 1 4324195634733601175
8 331 6 1 9037136744494003310
8 332 7 1 10715330324656609711
8 333 6 1 3474343689175121886
8 334 6 1 5794004792094061662
8 335 4 1 13295581273946061060
8 336 5 1 7292949743142825837
8 337 7 1 10886028626057941279
8 338 2 1 10688849249577735178
8 339 5 1 17297010345160851373
8 340 1 1 13658139148821214513
8 341 5 1 4468290234101910565
8 342 0 1 9583516840381960864
8 343 5 1 2100818272677130469
8 344 4 1 3835407486618772476
8 345 3 1 11687972045781987867
8 346 0 1 2584265809482868424
8 347 3 1 2184370854727222683
8 348 1 1 17762352308671769689
8 349 7 1 10901114407297935135
8 350 5 1 17932666452350314317
8 351 7 1 14800534017102555607
8 352 4 1 16233839909626358812
8 353 0 1 1704089397092793640
8 354 2 1 2891239861334407450
8 355 2 1 18077585692287687954
8 356 2 1 2363047449739120434
8 357 4 1 5904357530901606076
8 358 7 1 16765772907460692007
8 359 6 1 8757786729323486734
8 360 3 1 3706883612695347371
8 361 0 1 14958907430930711064
8 362 4 1 9624134580897548276
8 363 3 1 10298009507777483067
8 364 4 1 5667412839234900228
8 365 3 1 6828701555684071915
8 366 1 1 10482797977665945217
8 367 2 1 13440894740881464138
8 368 1 1 12078258924098889769
8 369 1 1 5740761565098658841
8 370 4 1 13914375003115830180
8 371 2 1 16808960379045776034
8 372 7 1 18421450170384511575
8 373 1 1 16478974619417516521
8 374 4 1 14381565232287562804
8 375 7 1 12792472782420522791
8 376 1 1 6620422687983566193
8 377 5 1 12025299949416885293
8 378 3 1 6046334025019123
8 379 0 1 16769051888439418536
8 380 7 1 10312203372653850423
8 381 5 1 720028297035890629
8 382 3 1 6441255456466558203
8 383 7 1 9874005816230679263
8 384 6 1 15903170012916142038
8 385 7 1 7557768652767625223
8 386 3 1 17626605079857371651
8 387 3 1 9092603716684679963
8 388 2 1 15518831173015579794
8 389 0 1 300798272301981904
8 390 1 1 13762040857722893585
8 391 0 1 3117104080838901168
8 392 5 1 4702649037537941245
8 393 6 1 14408238429167682374
8 394 6 1 17923200330177894118
8 395 1 1 7470538549881440849
8 396 6 1 3664543122474851710
8 397 1 1 17626200978883719521
8 398 3 1 15355649603762884691
8 399 0 1 4749231114166154448
8 400 0 1 11220859020615935192
8 401 3 1 4740127963151294603
8 402 4 1 16616708905207951068
8 403 6 1 9828299274924872726
8 404 2 1 8985762004928355786
8 405 1 1 14578866413196595465
8 406 5 1 11009044264074492189
8 407 1 1 16196760954725621137
8 408 4 1 10725252972011913420
8 409 3 1 4601011175737567235
8 410 5 1 1441938685024169613
8 411 2 1 1896485105672535586
8 412 6 1 6635496128279078494
8 413 0 1 7401072902622950072
8 414 5 1 16075245295895555285
8 415 1 1 11009539992705810569
8 416 5 1 13666961049432909413
8 417 4 1 930044899627839572
8 418 3 1 7899294831116079515
8 419 3 1 7830402010660588539
8 420 5 1 5485720725031791061
8 421 3 1 17051528642209786987
8 422 0 1 7280223907880312904
8 423 6 1 10641556535303807158
8 424 4 1 12639056541805784436
8 425 4 1 12321318600465693220
8 426 5 1 10108223508416203621
8 427 2 1 16243972184205577210
8 428 6 1 8544062083712081766
8 429 7 1 11274622334580836223
8 430 5 1 10844017387984539333
8 431 6 1 14774228730866078526
8 432 3 1 560237794062265107
8 433 3 1 5844494700804214355
8 434 3 1 12270220729021534083
8 435 5 1 8560016492134621125
8 436 2 1 12198417933760222474
8 437 1 1 10133839346494565561
8 438 6 1 9295901871619786454
8 439 7 1 10849442312533122519
8 440 7 1 18021432643418872607
8 441 5 1 10155396024449547909
8 442 0 1 10524212640889309144
8 443 4 1 16662796689072019468
8 444 7 1 965963318619140447
8 445 2 1 8887484786999567242
8 446 3 1 15714444653107301219
8 447 7 1 1678356452623540647
8 448 4 1 11052117692502964420
8 449 7 1 14549914962216724919
8 450 7 1 2062106447906584711
8 451 7 1 9160372737526136799
8 452 3 1 408961132483689555
8 453 1 1 16057982805180036489
8 454 5 1 3569128826873655261
8 455 0 1 9330490631980133992
8 456 7 1 1176328083272936519
8 457 6 1 11222898184704497134
8 458 5 1 9302091588024171405
8 459 6 1 10671057562378043302
8 460 2 1 4098229850247478874
8 461 5 1 8603114141751656125
8 462 5 1 5095034292565071557
8 463 7 1 17972196540767155575
8 464 6 1 17052421619317624598
8 465 0 1 1582078615100434096
8 466 6 1 12012345949788712038
8 467 2 1 16161371278263065802
8 468 2 1 2541771182459136706
8 469 5 1 4555228648728151989
8 470 3 1 8434259952664443907
8 471 3 1 11417314755930316675
8 472 6 1 4859944209493970278
8 473 2 1 3960064386733120970
8 474 0 1 831798891742765072
8 475 5 1 15333350611999607709
8 476 5 1 16195235791627584805
8 477 2 1 11597945977924582290
8 478 6 1 5623573319924035254
8 479 0 1 11517834322140013944
8 480 6 1 4133597640080778846
8 481 5 1 5871425684860123605
8 482 2 1 1689282515842046354
8 483 3 1 12636468992840026995
8 484 7 1 14838814546330146559
8 485 7 1 521771145052581487
8 486 0 1 2880434048302248640
8 487 5 1 8371131723257691693
8 488 2 1 14881811984607317690
8 489 1 1 1324986559026356337
8 490 5 1 15096177686518116013
8 491 7 1 4421234407032663127
8 492 2 1 14405416956529710514
8 493 4 1 3720189381923668652
8 494 2 1 409223713688462738
8 495 5 1 9606291214917499037
8 496 1 1 9223836018030016969
8 497 2 1 190459553092726002
8 498 3 1 12216883190512504355
8 499 0 1 2445407445757699168
8 500 3 1 4632853494959579227
8 501 2 1 13184809158706083946
8 502 7 1 5787237245171889527
8 503 7 1 10294885203231741175
8 504 5 1 4191072920233802133
8 505 7 1 4291939441266046279
8 506 3 1 16375865614446560083
8 507 3 1 8623994097296487259
8 508 2 1 15309273767847758202
8 509 5 1 9397335507036899909
8 510 2 1 6747046333776906674
8 511 2 1 13832845734789247298
8 512 0 1 7019441607318179720
8 513 4 1 10005910351872177492
8 514 2 1 4145022192145704170
8 515 0 1 4353043221960833896
8 516 7 1 8973895156742077167
8 517 1 1 438950987149754489
8 518 5 1 2185272607213603213
8 519 2 1 8466605802960622962
8 520 6 1 12110999198806592422
8 521 0 1 11821045514824268224
8 522 0 1 10878266882585355136
8 523 7 1 11760743717116988087
8 524 6 1 4184976790109698342
8 525 6 1 18330309416210613006
8 526 1 1 1107206443001387417
8 527 6 1 79384941109554222
8 528 2 1 9163366224008952362
8 529 0 1 3321824684344751056
8 530 4 1 3693723307432954164
8 531 0 1 6079394558849393056
8 532 7 1 11401125038466760935
8 533 6 1 3656219353656357222
8 534 1 1 1735342045865967049
8 535 2 1 4042759343240967690
8 536 7 1 12711975181279962687
8 537 0 1 9500297538285176400
8 538 4 1 15298274009373410204
8 539 6 1 9806309365986113958
8 540 5 1 10640867530898511005
8 541 4 1 17462737140104853956
8 542 1 1 4414872795937286161
8 543 7 1 14852747253248972903
8 544 1 1 15278706409822090441
8 545 3 1 6433625831299907179
8 546 5 1 3321907667985685429
8 547 4 1 11390693584827212740
8 548 2 1 11529629266037992234
8 549 3 1 10328859824139248147
8 550 7 1 16428469301035734767
8 551 1 1 17926643922068445985
8 552 2 1 705326063324784242
8 553 4 1 8105287564212541268
8 554 7 1 15433828269766668455
8 555 7 1 3714790519415313767
8 556 3 1 5417718938962187987
8 557 0 1 7847045502609209896
8 558 5 1 8025090526912661197
8 559 5 1 2234136672994823541
8 560 3 1 16041001438425499955
8 561 4 1 10050820915370092068
8 562 0 1 14731208739754682952
8 563 7 1 9320476318639351023
8 564 0 1 14993011533295358880
8 565 7 1 4179632880986595543
8 566 6 1 8947621078428360390
8 567 5 1 14715184767037401701
8 568 1 1 2617407252848328649
8 569 1 1 4818108510694228841
8 570 2 1 3602814087839803186
8 571 1 1 14679368779377024657
8 572 4 1 7354547195052671772
8 573 6 1 453184876960970470
8 574 0 1 15781004944602184656
8 575 5 1 12000277437894508493
8 576 2 1 14990587330205222466
8 577 4 1 13913588124149397652
8 578 1 1 14252160166631667289
8 579 3 1 1532590395334038243
8 580 6 1 10283229111568663870
8 581 6 1 17325140074534683390
8 582 4 1 15829693190940193580
8 583 4 1 7621681592523599724
8 584 4 1 10682206684717316020
8 585 6 1 1847393779801417006
8 586 4 1 3066262069769536156
8 587 7 1 14633662576956154615
8 588 5 1 15324290530255177253
8 589 2 1 14627271171597064522
8 590 0 1 14334883061544405592
8 591 6 1 12329324284039697670
8 592 7 1 14425669906700626239
8 593 6 1 4967072546582904838
8 594 7 1 11336784484312139551
8 595 6 1 9293117687355182150
8 596 7 1 18198595579111618687
8 597 5 1 3236555730692485133
8 598 2 1 3659681352365625914
8 599 4 1 5185822088933195476
8 600 5 1 1820961806679957133
8 601 6 1 5103404090674191862
8 602 4 1 16176358349875499548
8 603 7 1 15699479324816269479
8 604 6 1 6929077312607579230
8 605 2 1 7724671543660786314
8 606 7 1 15226863704421704735
8 607 4 1 10411799650043017788
8 608 6 1 2743533500235068318
8 609 6 1 7917895244279791454
8 610 5 1 9194839772540541837
8 611 6 1 8170679394364395846
8 612 6 1 2830213237197365734
8 613 0 1 7353896603754987224
8 614 3 1 17634372441601249827
8 615 5 1 8515117661105161813
8 616 2 1 5818937363197514778
8 617 5 1 8536843065945835629
8 618 7 1 2920190566549352463
8 619 0 1 4206179361653770600
8 620 0 1 15470355568872211976
8 621 7 1 8427825008315838911
8 622 6 1 5786540713287383830
8 623 7 1 15547153445796060183
8 624 7 1 12329720415526259303
8 625 7 1 5557519966701086911
8 626 6 1 17778904544770937806
8 627 3 1 17514165232876376499
8 628 2 1 17788126989478779154
8 629 5 1 17150186057659184837
8 630 3 1 96482940290395907
8 631 7 1 5391763100021787727
8 632 2 1 13311921842198397018
8 633 4 1 212666859219880844
8 634 6 1 17021563369181645958
8 635 3 1 11336487866339302675
8 636 0 1 9141466969851850320
8 637 1 1 15662548514627491449
8 638 0 1 7860565965198889264
8 639 1 1 13899151565605256321
8 640 2 1 13381351357933618242
8 641 0 1 14888589325358078776
8 642 6 1 8892463471491396086
8 643 7 1 15103645417329254911
8 644 7 1 5461076326426815327
8 645 1 1 1842242118931503497
8 646 1 1 4404875173572687401
8 647 4 1 13971514988681285540
8 648 2 1 17325818256926300242
8 649 1 1 15093194250549176553
8 650 6 1 2037055123708268678
8 651 4 1 16257942776085749532
8 652 0 1 10590700494563920368
8 653 1 1 9510359897405254265
8 654 6 1 14355127120473277462
8 655 6 1 17727696335014918206
8 656 1 1 5852409884542362577
8 657 5 1 15296449745630772621
8 658 2 1 15183080793648581194
8 659 4 1 16672300287494724460
8 660 3 1 13969062191570534211
8 661 4 1 9287911224447475220
8 662 2 1 8201339388669403090
8 663 2 1 6896471492123786378
8 664 4 1 17836899414146968932
8 665 0 1 18212192901661339968
8 666 0 1 13589433629948059304
8 667 1 1 11028761701391980161
8 668 2 1 6774257768766057466
8 669 2 1 12173254712476586450
8 670 3 1 12848080044100037611
8 671 0 1 8528727180962924144
8 672 1 1 1419515180397454273
8 673 1 1 14756964613420120449
8 674 4 1 5897971337265509756
8 675 3 1 7895151636400005603
8 676 4 1 12470640271491881548
8 677 5 1 1601970429693801261
8 678 0 1 15095880759160767112
8 679 7 1 9199134360165595311
8 680 4 1 3011979166743445660
8 681 1 1 12194258846860258337
8 682 6 1 3655956427657893470
8 683 3 1 2336006494839215747
8 684 0 1 14852738832219225696
8 685 6 1 980198724853947166
8 686 7 1 15813714724821744703
8 687 5 1 791599627749143069
8 688 5 1 7348649629500435093
8 689 4 1 15262170387612229708
8 690 6 1 15303522042429377318
8 691 5 1 8425613881574971669
8 692 3 1 15801520478161584059
8 693 7 1 14074339996639769183
8 694 7 1 11257371430211006951
8 695 7 1 13402846107666422911
8 696 1 1 6626174270103647993
8 697 1 1 14681865631183261473
8 698 1 1 4451829808427344249
8 699 3 1 5724496674828323027
8 700 0 1 14972202730373011904
8 701 6 1 11481387700399791014
8 702 5 1 17251674197980054589
8 703 5 1 1838448127446963389
8 704 7 1 1207376433173020767
8 705 7 1 9073502573042965711
8 706 5 1 13838468943242852421
8 707 2 1 5020402172333584866
8 708 7 1 1289816897702617855
8 709 7 1 16074253538753775279
8 710 0 1 2848619861528754568
8 711 3 1 5973640488400207347
8 712 2 1 3071333206607986706
8 713 3 1 12888295794552218363
8 714 3 1 5137015169022219459
8 715 2 1 6855845130657996130
8 716 5 1 13509486497434551605
8 717 1 1 3108141178579225625
8 718 2 1 11547672040624451730
8 719 0 1 8228290404814299648
8 720 7 1 556050802577131935
8 721 3 1 1291564719606180243
8 722 5 1 12244181387410231701
8 723 3 1 278862824664555643
8 724 0 1 15819233907350967248
8 725 5 1 17068340672410761541
8 726 0 1 18086332283553587440
8 727 6 1 315661412098236862
8 728 2 1 2955724640055190386
8 729 6 1 13784171517969596718
8 730 3 1 1290092202280378555
8 731 5 1 16592960356544350813
8 732 7 1 16858716830044052167
8 733 6 1 897800245874941430
8 734 6 1 13540719245109081222
8 735 4 1 1083645675370617492
8 736 7 1 1386604666325681943
8 737 4 1 15322508077521817796
8 738 4 1 17200996622826525908
8 739 7 1 377359248448239623
8 740 7 1 903752203431456047
8 741 6 1 5917034777147383262
8 742 2 1 14427307358937396394
8 743 1 1 7312697203701764121
8 744 1 1 16205567221211754073
8 745 5 1 2397860267640591749
8 746 5 1 7771620645425797965
8 747 7 1 4628927853429026927
8 748 7 1 10814117705525372791
8 749 6 1 1781328114115837238
8 750 2 1 8047892713447387890
8 751 6 1 14325316982420673798
8 752 3 1 307254776259779147
8 753 1 1 18088484138876255865
8 754 2 1 6235903010317883578
8 755 6 1 4576014393928771646
8 756 0 1 11902339501721522128
8 757 2 1 11466077100832512450
8 758 5 1 1320279640819393445
8 759 4 1 7149459462530810516
8 760 1 1 17183597293436304345
8 761 2 1 10494281344202625434
8 762 4 1 15351591175592386700
8 763 6 1 6787100053213878886
8 764 1 1 4662750932232247137
8 765 1 1 9155970812684385713
8 766 5 1 16135661826301908461
8 767 4 1 18304055221177982100
8 768 3 1 9416630457538799891
8 769 0 1 14565714036259547408
8 770 6 1 1567015689328697302
8 771 2 1 6354592639376292074
8 772 0 1 17850376331797597416
8 773 1 1 10659961423006612289
8 774 5 1 17519724454480552469
8 775 6 1 11678126474628634190
8 776 6 1 1758403873368227086
8 777 7 1 15990654484983665543
8 778 7 1 11214965843994241271
8 779 0 1 12011525616758716968
8 780 0 1 10447121228281024024
8 781 5 1 2305551614414338365
8 782 4 1 16044382098030270132
8 783 3 1 12224093843246544395
8 784 0 1 16482020615341119088
8 785 1 1 10963267852467973529
8 786 4 1 17349096433594909876
8 787 7 1 12720620716465149679
8 788 7 1 16276416704186986927
8 789 0 1 9749492746774307320
8 790 1 1 4878537625661881849
8 791 4 1 3596658220251367324
8 792 2 1 1250366616134450842
8 793 1 1 6810591609326569041
8 794 3 1 3598393359978582179
8 795 4 1 12253949833836762468
8 796 2 1 12506534045411421786
8 797 2 1 5579778259811453914
8 798 0 1 9776215669441974360
8 799 6 1 2458400878391347086
8 800 1 1 8348402873370648617
8 801 6 1 7121289029007601878
8 802 0 1 12229263687747326448
8 803 5 1 17037102369907624029
8 804 7 1 4480768498551219639
8 805 2 1 2055333633189980498
8 806 6 1 1996380200405366126
8 807 2 1 16269828220783280610
8 808 4 1 2087527536209518012
8 809 1 1 15824764389964056849
8 810 3 1 2567742633386698867
8 811 3 1 712225451323391987
8 812 3 1 8933753793270353555
8 813 1 1 13585078573555411625
8 814 1 1 867327728114824049
8 815 4 1 7583624842930804212
8 816 0 1 3377553416701167536
8 817 2 1 16921474325853581610
8 818 4 1 16140895111948716532
8 819 6 1 12207578918983470422
8 820 6 1 1646174217514160398
8 821 6 1 1607026980068118758
8 822 2 1 13303437415396801338
8 823 7 1 12587920481280066999
8 824 3 1 13987107713225334715
8 825 0 1 4992520640352863728
8 826 4 1 7263447506959407124
8 827 3 1 5199858030989230147
8 828 5 1 9061431503722510949
8 829 4 1 14400252600937389012
8 830 2 1 5744796948459454394
8 831 4 1 10292591259771880588
8 832 2 1 1721312458226718226
8 833 3 1 16635218433302059851
8 834 0 1 11656534395951367480
8 835 7 1 3706250251522790279
8 836 7 1 13109149372599278855
8 837 3 1 15782623443980200467
8 838 0 1 16550074045325605656
8 839 3 1 8552238076040605299
8 840 6 1 9482885590978036086
8 841 6 1 9671478455262059566
8 842 3 1 10893144584594332227
8 843 3 1 16019322840413540987
8 844 4 1 8296393284743045220
8 845 5 1 17938815114635715205
8 846 1 1 6264829385778688153
8 847 4 1 1851240405679727308
8 848 5 1 8252127944258078957
8 849 4 1 278628055251899660
8 850 7 1 17284352895107447551
8 851 6 1 1917595448595108230
8 852 4 1 4194184253204412852
8 853 0 1 6053135762636289112
8 854 4 1 17829479236593827180
8 855 2 1 17138125122391290546
8 856 5 1 12701771613115087757
8 857 5 1 15851635548108017237
8 858 0 1 15429185374696762248
8 859 4 1 1092543755026054444
8 860 0 1 11339471547318422768
8 861 6 1 5928009338273096310
8 862 6 1 15799438807585898358
8 863 5 1 7759398761882215565
8 864 5 1 6631869218547533701
8 865 6 1 1467136438670102142
8 866 1 1 8634286993913126889
8 867 6 1 1625376813926906406
8 868 0 1 11217810185908857400
8 869 3 1 8625591546392093923
8 870 5 1 17296397694263603933
8 871 2 1 15605747394391364522
8 872 0 1 1662045846911902792
8 873 3 1 17127000247114321803
8 874 4 1 8356660387712428204
8 875 3 1 1918485604873496907
8 876 0 1 2370571666901420648
8 877 3 1 15787385066387380099
8 878 2 1 5464477678597110906
8 879 6 1 11425249858769946518
8 880 5 1 6591019215869863149
8 881 0 1 9479744778601152624
8 882 6 1 15172779966452753614
8 883 4 1 7752719149069356364
8 884 1 1 18415611086810130089
8 885 1 1 17283471393219112121
8 886 1 1 12355267205606811577
8 887 0 1 635145025396992592
8 888 4 1 5396237116775390812
8 889 7 1 3552831403988064335
8 890 3 1 14168163303014268947
8 891 6 1 12627213986475551446
8 892 5 1 15759311136550812405
8 893 0 1 1626935584364203400
8 894 0 1 9310496835576179512
8 895 7 1 6245520276975783671
8 896 6 1 7024663181048246622
8 897 4 1 3427477009023336836
8 898 4 1 2933969795091320036
8 899 3 1 2151226409008220811
8 900 0 1 11539738627618492576
8 901 5 1 13725329897058492021
8 902 5 1 7498965915916310645
8 903 7 1 10290852052645224423
8 904 1 1 6604848973131369881
8 905 2 1 15811231974215060058
8 906 3 1 2271887981598533043
8 907 2 1 3594314518191525754
8 908 6 1 17149519013436525742
8 909 2 1 8679304823079730570
8 910 7 1 13578822930296496311
8 911 1 1 7091768012700047649
8 912 3 1 3785057672906901675
8 913 2 1 4236181286844492290
8 914 0 1 8508302517230928544
8 915 3 1 7300358184937218339
8 916 5 1 12384908352232692669
8 917 5 1 12492744495972933877
8 918 7 1 7314891822313963191
8 919 2 1 8324938997494297354
8 920 3 1 5209197900603935779
8 921 1 1 2658432712832078185
8 922 5 1 5318876851637134397
8 923 3 1 16575705827128833203
8 924 7 1 10064850062465251207
8 925 0 1 4212292470574654048
8 926 5 1 14980416404180533629
8 927 1 1 16757608328210085737
8 928 6 1 2318174214965864870
8 929 5 1 11090483489978208173
8 930 7 1 4454423999516879015
8 931 5 1 16112997200825396525
8 932 5 1 6280448590284782941
8 933 1 1 9633346215123474089
8 934 0 1 4043276543108671776
8 935 0 1 5617487009102249240
8 936 6 1 5876783769254797390
8 937 3 1 12282204452000419979
8 938 4 1 11539547785106538148
8 939 4 1 7026195643862072596
8 940 2 1 3299214246762090106
8 941 7 1 12374300965992954143
8 942 7 1 6758847474999357295
8 943 4 1 15792537753857445948
8 944 2 1 17507047352822497538
8 945 3 1 12191874001355785115
8 946 4 1 13766936657810901564
8 947 5 1 6187579338224863221
8 948 7 1 575235837446271943
8 949 0 1 3941374392937187760
8 950 4 1 12518650711486048524
8 951 3 1 4818749123633553555
8 952 1 1 2958342177660858065
8 953 7 1 3745796037585186959
8 954 1 1 9797933292464336113
8 955 0 1 15543349084849553232
8 956 0 1 486551758244958240
8 957 7 1 10593020500469347495
8 958 3 1 6369600516659338451
8 959 6 1 9007750655643717510
8 960 1 1 17785627354791621201
8 961 5 1 14764033308265707661
8 962 2 1 18034000857235843178
8 963 4 1 16557096199299614580
8 964 4 1 2437200641143386748
8 965 4 1 10182421626449994068
8 966 4 1 75625115684404924
8 967 2 1 6127271793307871498
8 968 3 1 11214820889151820355
8 969 7 1 12416802602799347959
8 970 5 1 1548125927064443941
8 971 7 1 10690183998159090903
8 972 7 1 10911454061780779591
8 973 6 1 17091566498439379262
8 974 1 1 13151991451832194121
8 975 5 1 11968421298731076421
8 976 0 1 7281465657596491640
8 977 7 1 16882855184145485567
8 978 6 1 16502249339396824566
8 979 7 1 3454458562438881671
8 980 3 1 5912850829099334963
8 981 2 1 5330146666763391722
8 982 1 1 8451916490946969729
8 983 5 1 6215268879167456629
8 984 4 1 9983414677725534452
8 985 2 1 1533824374095340090
8 986 7 1 11273301590638124495
8 987 5 1 888171466822353933
8 988 7 1 12600073355339343855
8 989 4 1 10435556484299784260
8 990 2 1 4932808928766631330
8 991 2 1 15166592873301253506
8 992 3 1 6396823673282492139
8 993 3 1 14209064470829046875
8 994 3 1 6577114328647476307
8 995 6 1 1197590027279852334
8 996 6 1 17587678522946712038
8 997 4 1 15126029715399578860
8 998 7 1 57675930565383847
8 999 1 1 10193180073869439881
